osm_id,location,category,tier,financing_confound_flag,lat,lon,name,geo_method
4616025490,CBD,clothes,1,0,-1.2814028,36.8236003,Keylink Distributors,bbox
5555097014,CBD,clothes,1,0,-1.2844071,36.8237952,Sir Henry's Ltd.,bbox
6576539944,CBD,clothes,1,0,-1.283599,36.8201088,School Outfitters,bbox
9193162417,CBD,clothes,1,0,-1.2921293,36.8214991,Jade Collection Haile Sellasie Avenue,bbox
10902369105,CBD,clothes,1,0,-1.2747324,36.8195812,,bbox
12006461096,CBD,clothes,1,0,-1.2823883,36.8219629,Jersey World Store,bbox
12157907153,CBD,clothes,1,0,-1.2828949,36.821901,Anupi Fashions Ltd,bbox
1295903351,CBD,fast_food,2,0,-1.2818069,36.8157561,Kenchic,bbox
1537488379,CBD,fast_food,2,0,-1.2839192,36.8271627,Malindi Dishes,bbox
2533843082,CBD,fast_food,2,0,-1.2820935,36.822226,Sanford Fish & Chips,bbox
4620739590,CBD,fast_food,2,0,-1.2846769,36.8247912,Pizza Inn,bbox
5001805024,CBD,fast_food,2,0,-1.2857532,36.8261385,Nevada Fish & Chips,bbox
5001805026,CBD,fast_food,2,0,-1.2852994,36.826642,Altona Fish & Chips,bbox
5536015512,CBD,fast_food,2,0,-1.2851566,36.8191637,Domino's,bbox
5536040835,CBD,fast_food,2,0,-1.284741,36.8247732,Chicken Inn Union Towers,bbox
5552467809,CBD,fast_food,2,0,-1.2861322,36.8266055,Red Robin,bbox
5552467812,CBD,fast_food,2,0,-1.2808851,36.8206248,Red Robin Fast Foods,bbox
5555073796,CBD,fast_food,2,0,-1.2860222,36.8218548,KFC,bbox
5555097013,CBD,fast_food,2,0,-1.2844131,36.8245145,Manhattan Chicken,bbox
6224224316,CBD,fast_food,2,0,-1.2827205,36.8217055,KFC,bbox
12160705301,CBD,fast_food,2,0,-1.2822072,36.8186543,Fish and Chicken,bbox
1420033886,CBD,hairdresser,1,0,-1.2795197,36.8130013,YMCA SAMSAN SALON,bbox
10617794473,CBD,hairdresser,1,0,-1.2774623,36.8276897,,bbox
12167964188,CBD,hairdresser,1,0,-1.2742417,36.8217076,Darling,bbox
4782862222,CBD,hardware,1,0,-1.2680951,36.829126,Basco paints showroom,bbox
12167316038,CBD,kiosk,2,0,-1.2742833,36.821785,,bbox
12167316039,CBD,kiosk,2,0,-1.2742471,36.8217876,Bless Shop,bbox
12167964186,CBD,kiosk,2,0,-1.2742738,36.8217594,,bbox
5378551736,CBD,pharmacy,1,0,-1.2928967,36.8160717,Lords Healthcare Ltd,bbox
5555072714,CBD,pharmacy,1,0,-1.2851367,36.8231542,Malibu Pharmacy Ltd,bbox
5974660917,CBD,pharmacy,1,0,-1.2772579,36.8164101,Seropharm E.A,bbox
6110577686,CBD,pharmacy,1,0,-1.2879752,36.8265424,Malibu,bbox
8100967917,CBD,pharmacy,1,0,-1.266967,36.8437328,Trustmed,bbox
12157721102,CBD,pharmacy,1,0,-1.2816266,36.816808,Pharmaplus,bbox
12162052302,CBD,pharmacy,1,0,-1.2854169,36.8190672,GoodLife Pharmacy,bbox
12162382404,CBD,pharmacy,1,0,-1.2860563,36.8266643,Kimton pharmacy Ltd,bbox
30215021,CBD,restaurant,1,0,-1.2829298,36.8159604,Habesha II Ethiopian,bbox
30215042,CBD,restaurant,1,0,-1.291931,36.8214426,The Apple Munch Restaurant,bbox
30695695,CBD,restaurant,1,0,-1.2855082,36.8134256,YWCA,bbox
637003378,CBD,restaurant,1,0,-1.277735,36.8345715,,bbox
968548361,CBD,restaurant,1,0,-1.2837839,36.8178078,Savannah,bbox
1294403073,CBD,restaurant,1,0,-1.2853789,36.822165,Trattoria,bbox
1399140356,CBD,restaurant,1,0,-1.2861829,36.8207907,Peach Restaurant,bbox
1415247196,CBD,restaurant,1,0,-1.2827876,36.8218028,Ronalo Kosewe,bbox
1418962720,CBD,restaurant,1,0,-1.2799436,36.8126726,ymca restaraunt,bbox
1420048724,CBD,restaurant,1,0,-1.2807028,36.8133758,United Kenya Club,bbox
3294737181,CBD,restaurant,1,0,-1.2889455,36.8289498,,bbox
3294737182,CBD,restaurant,1,0,-1.2890202,36.8289895,,bbox
3294739781,CBD,restaurant,1,0,-1.2888881,36.82775,Bakers Inn,bbox
4259252770,CBD,restaurant,1,0,-1.2828418,36.8221762,City Star,bbox
4405710393,CBD,restaurant,1,0,-1.286018,36.8198548,K&A Coffee House & Cafeteria,bbox
4405777990,CBD,restaurant,1,0,-1.2809513,36.8231104,Roast House,bbox
4414817189,CBD,restaurant,1,0,-1.2832593,36.8238281,Azuri,bbox
5003136023,CBD,restaurant,1,0,-1.2868425,36.8199915,89 Eateries,bbox
5070531027,CBD,restaurant,1,0,-1.2852185,36.8236204,Teriyaki,bbox
5339427768,CBD,restaurant,1,0,-1.2735587,36.8128083,Ebony Lounge,bbox
5341078558,CBD,restaurant,1,0,-1.2703746,36.8156625,Appletinni Bar & Restaurant,bbox
5341078560,CBD,restaurant,1,0,-1.2703249,36.8161401,Mister Wok - Parklands,bbox
5383781993,CBD,restaurant,1,0,-1.2891622,36.8141608,Jumuia Coffee House,bbox
5528393221,CBD,restaurant,1,0,-1.2806277,36.8261615,Sun Sweet Restuarant,bbox
5536006828,CBD,restaurant,1,0,-1.2833448,36.8175325,Jia Yuan Shi Fu Restaurant,bbox
5552396272,CBD,restaurant,1,0,-1.2832667,36.8250335,Smothers Restaurant,bbox
5552396298,CBD,restaurant,1,0,-1.2843651,36.8250874,Higlands Cafe,bbox
5552396299,CBD,restaurant,1,0,-1.2841896,36.8248345,Cafe Deli,bbox
5552396300,CBD,restaurant,1,0,-1.2837278,36.8255343,Cafe Sun Burner,bbox
5552396302,CBD,restaurant,1,0,-1.2881929,36.8275451,Polo Restaurant,bbox
5552457015,CBD,restaurant,1,0,-1.2818036,36.8180074,Sapee Lounge,bbox
5552467808,CBD,restaurant,1,0,-1.284238,36.8279959,AdenBay Lounge,bbox
5552467922,CBD,restaurant,1,0,-1.2838884,36.8218864,Savanna Coffee Lounge,bbox
5552467923,CBD,restaurant,1,0,-1.2835824,36.8218718,Bobos rest,bbox
5552467924,CBD,restaurant,1,0,-1.2835357,36.8220088,Tribeka Lounge,bbox
5552467925,CBD,restaurant,1,0,-1.2836971,36.8217524,Gibsons Coffee House,bbox
5552467931,CBD,restaurant,1,0,-1.2829309,36.8187888,Atasi Cafe,bbox
5552467937,CBD,restaurant,1,0,-1.282995,36.818748,Valley Coffee Shake Restaurant,bbox
5552492021,CBD,restaurant,1,0,-1.2815761,36.822306,Highlands Restraunt,bbox
5552492027,CBD,restaurant,1,0,-1.2850145,36.8239054,Highlands Corner House,bbox
5552499825,CBD,restaurant,1,0,-1.284348,36.8226394,Thai Chi Restaurant,bbox
5552499826,CBD,restaurant,1,0,-1.2843927,36.8229321,Thorn Tree Restaurant,bbox
5555072700,CBD,restaurant,1,0,-1.2849159,36.8229876,Kapital Coffee House,bbox
5555072702,CBD,restaurant,1,0,-1.2854639,36.8229584,Dormans Coffee,bbox
5555072703,CBD,restaurant,1,0,-1.2856902,36.8227002,The Dancing Spoon Restaurant And Wine Bar,bbox
5555072705,CBD,restaurant,1,0,-1.2852359,36.8231461,The Mug,bbox
5555072707,CBD,restaurant,1,0,-1.2845119,36.8239186,Pepino's Pizza,bbox
5555072708,CBD,restaurant,1,0,-1.2848203,36.8230469,Tanager Restaurant,bbox
5555072709,CBD,restaurant,1,0,-1.2848704,36.8230221,Pasara Cafe & Bar Ltd,bbox
5555073721,CBD,restaurant,1,0,-1.2838576,36.8232186,Cafe Sun Burner,bbox
5555073729,CBD,restaurant,1,0,-1.2834015,36.8215751,Al Yusra Restaurant,bbox
5555073751,CBD,restaurant,1,0,-1.2854022,36.8204425,Cafe Deli,bbox
5555073779,CBD,restaurant,1,0,-1.2849373,36.8223302,Cafe Pronto,bbox
5555073807,CBD,restaurant,1,0,-1.2858781,36.8218265,Milano Ice Cream,bbox
5555073808,CBD,restaurant,1,0,-1.2862077,36.821611,Ankara Food Court,bbox
5555073816,CBD,restaurant,1,0,-1.2861058,36.8214086,Petma Restaurant,bbox
5555073817,CBD,restaurant,1,0,-1.2862522,36.821472,Cafe Helena,bbox
5555073820,CBD,restaurant,1,0,-1.2864224,36.8201774,Antonio's Grill,bbox
5555073930,CBD,restaurant,1,0,-1.2852874,36.8191294,Bakers Inn,bbox
5555073932,CBD,restaurant,1,0,-1.2845703,36.8188731,Fiesta Restaurants,bbox
5555073933,CBD,restaurant,1,0,-1.2845325,36.8193259,Gibsons Coffee,bbox
5555073943,CBD,restaurant,1,0,-1.283925,36.8185509,Black Forest House,bbox
5555073946,CBD,restaurant,1,0,-1.2844871,36.8192768,Artlantic cafe,bbox
5555073957,CBD,restaurant,1,0,-1.2819606,36.8179432,Kowloon Garden Restaurant,bbox
5555074048,CBD,restaurant,1,0,-1.2865373,36.8255259,Cafe Deli & Delicatessen 2.0,bbox
5555074052,CBD,restaurant,1,0,-1.2867531,36.82592,Highlands Platinum,bbox
5555074079,CBD,restaurant,1,0,-1.2882496,36.8233292,Tin Tin Restaurant Limited,bbox
5563459167,CBD,restaurant,1,0,-1.2822475,36.8230753,Wa Ken Restaurant,bbox
5829975685,CBD,restaurant,1,0,-1.2834993,36.8161028,RUE104,bbox
5918999668,CBD,restaurant,1,0,-1.2843334,36.8237097,Hot Dishes,bbox
5924128087,CBD,restaurant,1,0,-1.2842858,36.8192031,Ammara Africa,bbox
6105235685,CBD,restaurant,1,0,-1.2859005,36.8203858,Hot dishes restaurant,bbox
6285776988,CBD,restaurant,1,0,-1.282975,36.8184321,CJ’s Koinage Street,bbox
7235190685,CBD,restaurant,1,0,-1.2829345,36.8214303,Kilimanjaro Jamia Kimathi Street,bbox
8148455478,CBD,restaurant,1,0,-1.2864347,36.8204073,Hot dishes restaurant,bbox
8862539504,CBD,restaurant,1,0,-1.2905558,36.8129869,PHQ Canteen,bbox
9047034258,CBD,restaurant,1,0,-1.2780844,36.8298371,JJ hotel,bbox
9101385798,CBD,restaurant,1,0,-1.2828974,36.8272847,Hot Dishes,bbox
9101385799,CBD,restaurant,1,0,-1.2824712,36.8261647,Kristina,bbox
9404117193,CBD,restaurant,1,0,-1.2774163,36.8154431,Mawimbi Seafood Restaurant,bbox
10676389460,CBD,restaurant,1,0,-1.2807229,36.8223646,I+S,bbox
10994122586,CBD,restaurant,1,0,-1.2797916,36.8175913,Arziki,bbox
12155264479,CBD,restaurant,1,0,-1.2751621,36.8219505,Menya Ciaku Fish Bay,bbox
12155264484,CBD,restaurant,1,0,-1.2752011,36.8220913,Spicy Butchery,bbox
12157907155,CBD,restaurant,1,0,-1.2829216,36.8219237,Ranalo Foods,bbox
12160705302,CBD,restaurant,1,0,-1.2819894,36.8228891,Pork & Go,bbox
12163869258,CBD,restaurant,1,0,-1.2811124,36.8183133,Ka-Akwacha,bbox
12164911420,CBD,restaurant,1,0,-1.2808437,36.8175485,Safari Restaurant,bbox
12165283401,CBD,restaurant,1,0,-1.2834073,36.821645,Zaman Restaurant,bbox
12168049891,CBD,restaurant,1,0,-1.2808279,36.8214483,Rendervous,bbox
12168600343,CBD,restaurant,1,0,-1.2748875,36.8211853,Bahati Food,bbox
12180426164,CBD,restaurant,1,0,-1.2755073,36.8137244,Boulevard,bbox
13161552926,CBD,restaurant,1,0,-1.283391,36.8231875,Mokka City Cafe & Lounge,bbox
13700851901,CBD,restaurant,1,0,-1.2840996,36.82473,Pizza Mojo,bbox
6768615260,CBD,salon,2,0,-1.2754509,36.8230533,Blue Isle Salon,bbox
7677255881,CBD,salon,2,0,-1.2827015,36.8273871,Face and Figure Beauty Solutions,bbox
762025979,CBD,supermarket,1,0,-1.2816587,36.8169366,Carrefour,bbox
1419821932,CBD,supermarket,1,0,-1.2817574,36.8183031,Nakumatt Lifestyle,bbox
1720711114,CBD,supermarket,1,0,-1.2832546,36.8231612,Ebrahims Supermarket,bbox
1720982953,CBD,supermarket,1,0,-1.2836855,36.8253214,QuickMart,bbox
1720982958,CBD,supermarket,1,0,-1.2833536,36.8283646,Tuskys,bbox
5343809421,CBD,supermarket,1,0,-1.2729908,36.8189504,Broadline Supermarket,bbox
5539620101,CBD,supermarket,1,0,-1.2733518,36.8175947,Nilkanth General Supermarket,bbox
5555074037,CBD,supermarket,1,0,-1.2870826,36.8252547,Uchumi Supermarket,bbox
5555074071,CBD,supermarket,1,0,-1.2872919,36.8269277,Karrymart Downtown Supermarket,bbox
5555074075,CBD,supermarket,1,0,-1.2882631,36.8273494,Naivas Development House Moi Avenue,bbox
5871155377,CBD,supermarket,1,0,-1.2847155,36.8303338,vspace.ke,bbox
6126721035,CBD,supermarket,1,0,-1.2926791,36.8218813,Tuskys Supermarket,bbox
8164646791,CBD,supermarket,1,0,-1.2824691,36.8159837,Naivas,bbox
8213846285,CBD,supermarket,1,0,-1.2849108,36.8313768,QuickMart,bbox
8883032995,CBD,supermarket,1,0,-1.2814534,36.8181534,Naivas Lifestyle,bbox
8883032996,CBD,supermarket,1,0,-1.2855691,36.8278976,Naivas Ronald Ngala,bbox
8883032997,CBD,supermarket,1,0,-1.2855912,36.82772,Tusky'S Magic Express,bbox
8883032998,CBD,supermarket,1,0,-1.2822401,36.8237391,Eastmatt,bbox
10637141721,CBD,supermarket,1,0,-1.288442,36.8267881,QuickMart Pioneer,bbox
10648806292,CBD,supermarket,1,0,-1.2764323,36.8293997,Western supermarket,bbox
4616025490,Central,clothes,1,0,-1.2814028,36.8236003,Keylink Distributors,bbox
5555097014,Central,clothes,1,0,-1.2844071,36.8237952,Sir Henry's Ltd.,bbox
6576539944,Central,clothes,1,0,-1.283599,36.8201088,School Outfitters,bbox
9193162417,Central,clothes,1,0,-1.2921293,36.8214991,Jade Collection Haile Sellasie Avenue,bbox
10902369105,Central,clothes,1,0,-1.2747324,36.8195812,,bbox
12006461096,Central,clothes,1,0,-1.2823883,36.8219629,Jersey World Store,bbox
12157907153,Central,clothes,1,0,-1.2828949,36.821901,Anupi Fashions Ltd,bbox
1295903351,Central,fast_food,2,0,-1.2818069,36.8157561,Kenchic,bbox
1537488379,Central,fast_food,2,0,-1.2839192,36.8271627,Malindi Dishes,bbox
2533843082,Central,fast_food,2,0,-1.2820935,36.822226,Sanford Fish & Chips,bbox
4620739590,Central,fast_food,2,0,-1.2846769,36.8247912,Pizza Inn,bbox
5001805024,Central,fast_food,2,0,-1.2857532,36.8261385,Nevada Fish & Chips,bbox
5001805026,Central,fast_food,2,0,-1.2852994,36.826642,Altona Fish & Chips,bbox
5536015512,Central,fast_food,2,0,-1.2851566,36.8191637,Domino's,bbox
5536040835,Central,fast_food,2,0,-1.284741,36.8247732,Chicken Inn Union Towers,bbox
5552467809,Central,fast_food,2,0,-1.2861322,36.8266055,Red Robin,bbox
5552467812,Central,fast_food,2,0,-1.2808851,36.8206248,Red Robin Fast Foods,bbox
5555073796,Central,fast_food,2,0,-1.2860222,36.8218548,KFC,bbox
5555097013,Central,fast_food,2,0,-1.2844131,36.8245145,Manhattan Chicken,bbox
6224224316,Central,fast_food,2,0,-1.2827205,36.8217055,KFC,bbox
12160705301,Central,fast_food,2,0,-1.2822072,36.8186543,Fish and Chicken,bbox
1420033886,Central,hairdresser,1,0,-1.2795197,36.8130013,YMCA SAMSAN SALON,bbox
10617794473,Central,hairdresser,1,0,-1.2774623,36.8276897,,bbox
5378551736,Central,pharmacy,1,0,-1.2928967,36.8160717,Lords Healthcare Ltd,bbox
5555072714,Central,pharmacy,1,0,-1.2851367,36.8231542,Malibu Pharmacy Ltd,bbox
5974660917,Central,pharmacy,1,0,-1.2772579,36.8164101,Seropharm E.A,bbox
6110577686,Central,pharmacy,1,0,-1.2879752,36.8265424,Malibu,bbox
12157721102,Central,pharmacy,1,0,-1.2816266,36.816808,Pharmaplus,bbox
12162052302,Central,pharmacy,1,0,-1.2854169,36.8190672,GoodLife Pharmacy,bbox
12162382404,Central,pharmacy,1,0,-1.2860563,36.8266643,Kimton pharmacy Ltd,bbox
30215021,Central,restaurant,1,0,-1.2829298,36.8159604,Habesha II Ethiopian,bbox
30215042,Central,restaurant,1,0,-1.291931,36.8214426,The Apple Munch Restaurant,bbox
30695695,Central,restaurant,1,0,-1.2855082,36.8134256,YWCA,bbox
637003378,Central,restaurant,1,0,-1.277735,36.8345715,,bbox
968548361,Central,restaurant,1,0,-1.2837839,36.8178078,Savannah,bbox
1294403073,Central,restaurant,1,0,-1.2853789,36.822165,Trattoria,bbox
1399140356,Central,restaurant,1,0,-1.2861829,36.8207907,Peach Restaurant,bbox
1415247196,Central,restaurant,1,0,-1.2827876,36.8218028,Ronalo Kosewe,bbox
1418962720,Central,restaurant,1,0,-1.2799436,36.8126726,ymca restaraunt,bbox
1420048724,Central,restaurant,1,0,-1.2807028,36.8133758,United Kenya Club,bbox
3294737181,Central,restaurant,1,0,-1.2889455,36.8289498,,bbox
3294737182,Central,restaurant,1,0,-1.2890202,36.8289895,,bbox
3294739781,Central,restaurant,1,0,-1.2888881,36.82775,Bakers Inn,bbox
4259252770,Central,restaurant,1,0,-1.2828418,36.8221762,City Star,bbox
4405710393,Central,restaurant,1,0,-1.286018,36.8198548,K&A Coffee House & Cafeteria,bbox
4405777990,Central,restaurant,1,0,-1.2809513,36.8231104,Roast House,bbox
4414817189,Central,restaurant,1,0,-1.2832593,36.8238281,Azuri,bbox
5003136023,Central,restaurant,1,0,-1.2868425,36.8199915,89 Eateries,bbox
5070531027,Central,restaurant,1,0,-1.2852185,36.8236204,Teriyaki,bbox
5383781993,Central,restaurant,1,0,-1.2891622,36.8141608,Jumuia Coffee House,bbox
5528393221,Central,restaurant,1,0,-1.2806277,36.8261615,Sun Sweet Restuarant,bbox
5536006828,Central,restaurant,1,0,-1.2833448,36.8175325,Jia Yuan Shi Fu Restaurant,bbox
5552396272,Central,restaurant,1,0,-1.2832667,36.8250335,Smothers Restaurant,bbox
5552396298,Central,restaurant,1,0,-1.2843651,36.8250874,Higlands Cafe,bbox
5552396299,Central,restaurant,1,0,-1.2841896,36.8248345,Cafe Deli,bbox
5552396300,Central,restaurant,1,0,-1.2837278,36.8255343,Cafe Sun Burner,bbox
5552396302,Central,restaurant,1,0,-1.2881929,36.8275451,Polo Restaurant,bbox
5552457015,Central,restaurant,1,0,-1.2818036,36.8180074,Sapee Lounge,bbox
5552467808,Central,restaurant,1,0,-1.284238,36.8279959,AdenBay Lounge,bbox
5552467922,Central,restaurant,1,0,-1.2838884,36.8218864,Savanna Coffee Lounge,bbox
5552467923,Central,restaurant,1,0,-1.2835824,36.8218718,Bobos rest,bbox
5552467924,Central,restaurant,1,0,-1.2835357,36.8220088,Tribeka Lounge,bbox
5552467925,Central,restaurant,1,0,-1.2836971,36.8217524,Gibsons Coffee House,bbox
5552467931,Central,restaurant,1,0,-1.2829309,36.8187888,Atasi Cafe,bbox
5552467937,Central,restaurant,1,0,-1.282995,36.818748,Valley Coffee Shake Restaurant,bbox
5552492021,Central,restaurant,1,0,-1.2815761,36.822306,Highlands Restraunt,bbox
5552492027,Central,restaurant,1,0,-1.2850145,36.8239054,Highlands Corner House,bbox
5552499825,Central,restaurant,1,0,-1.284348,36.8226394,Thai Chi Restaurant,bbox
5552499826,Central,restaurant,1,0,-1.2843927,36.8229321,Thorn Tree Restaurant,bbox
5555072700,Central,restaurant,1,0,-1.2849159,36.8229876,Kapital Coffee House,bbox
5555072702,Central,restaurant,1,0,-1.2854639,36.8229584,Dormans Coffee,bbox
5555072703,Central,restaurant,1,0,-1.2856902,36.8227002,The Dancing Spoon Restaurant And Wine Bar,bbox
5555072705,Central,restaurant,1,0,-1.2852359,36.8231461,The Mug,bbox
5555072707,Central,restaurant,1,0,-1.2845119,36.8239186,Pepino's Pizza,bbox
5555072708,Central,restaurant,1,0,-1.2848203,36.8230469,Tanager Restaurant,bbox
5555072709,Central,restaurant,1,0,-1.2848704,36.8230221,Pasara Cafe & Bar Ltd,bbox
5555073721,Central,restaurant,1,0,-1.2838576,36.8232186,Cafe Sun Burner,bbox
5555073729,Central,restaurant,1,0,-1.2834015,36.8215751,Al Yusra Restaurant,bbox
5555073751,Central,restaurant,1,0,-1.2854022,36.8204425,Cafe Deli,bbox
5555073779,Central,restaurant,1,0,-1.2849373,36.8223302,Cafe Pronto,bbox
5555073807,Central,restaurant,1,0,-1.2858781,36.8218265,Milano Ice Cream,bbox
5555073808,Central,restaurant,1,0,-1.2862077,36.821611,Ankara Food Court,bbox
5555073816,Central,restaurant,1,0,-1.2861058,36.8214086,Petma Restaurant,bbox
5555073817,Central,restaurant,1,0,-1.2862522,36.821472,Cafe Helena,bbox
5555073820,Central,restaurant,1,0,-1.2864224,36.8201774,Antonio's Grill,bbox
5555073930,Central,restaurant,1,0,-1.2852874,36.8191294,Bakers Inn,bbox
5555073932,Central,restaurant,1,0,-1.2845703,36.8188731,Fiesta Restaurants,bbox
5555073933,Central,restaurant,1,0,-1.2845325,36.8193259,Gibsons Coffee,bbox
5555073943,Central,restaurant,1,0,-1.283925,36.8185509,Black Forest House,bbox
5555073946,Central,restaurant,1,0,-1.2844871,36.8192768,Artlantic cafe,bbox
5555073957,Central,restaurant,1,0,-1.2819606,36.8179432,Kowloon Garden Restaurant,bbox
5555074048,Central,restaurant,1,0,-1.2865373,36.8255259,Cafe Deli & Delicatessen 2.0,bbox
5555074052,Central,restaurant,1,0,-1.2867531,36.82592,Highlands Platinum,bbox
5555074079,Central,restaurant,1,0,-1.2882496,36.8233292,Tin Tin Restaurant Limited,bbox
5563459167,Central,restaurant,1,0,-1.2822475,36.8230753,Wa Ken Restaurant,bbox
5829975685,Central,restaurant,1,0,-1.2834993,36.8161028,RUE104,bbox
5918999668,Central,restaurant,1,0,-1.2843334,36.8237097,Hot Dishes,bbox
5924128087,Central,restaurant,1,0,-1.2842858,36.8192031,Ammara Africa,bbox
6105235685,Central,restaurant,1,0,-1.2859005,36.8203858,Hot dishes restaurant,bbox
6285776988,Central,restaurant,1,0,-1.282975,36.8184321,CJ’s Koinage Street,bbox
7235190685,Central,restaurant,1,0,-1.2829345,36.8214303,Kilimanjaro Jamia Kimathi Street,bbox
8148455478,Central,restaurant,1,0,-1.2864347,36.8204073,Hot dishes restaurant,bbox
8862539504,Central,restaurant,1,0,-1.2905558,36.8129869,PHQ Canteen,bbox
9047034258,Central,restaurant,1,0,-1.2780844,36.8298371,JJ hotel,bbox
9101385798,Central,restaurant,1,0,-1.2828974,36.8272847,Hot Dishes,bbox
9101385799,Central,restaurant,1,0,-1.2824712,36.8261647,Kristina,bbox
9404117193,Central,restaurant,1,0,-1.2774163,36.8154431,Mawimbi Seafood Restaurant,bbox
10676389460,Central,restaurant,1,0,-1.2807229,36.8223646,I+S,bbox
10994122586,Central,restaurant,1,0,-1.2797916,36.8175913,Arziki,bbox
12155264479,Central,restaurant,1,0,-1.2751621,36.8219505,Menya Ciaku Fish Bay,bbox
12155264484,Central,restaurant,1,0,-1.2752011,36.8220913,Spicy Butchery,bbox
12157907155,Central,restaurant,1,0,-1.2829216,36.8219237,Ranalo Foods,bbox
12160705302,Central,restaurant,1,0,-1.2819894,36.8228891,Pork & Go,bbox
12163869258,Central,restaurant,1,0,-1.2811124,36.8183133,Ka-Akwacha,bbox
12164911420,Central,restaurant,1,0,-1.2808437,36.8175485,Safari Restaurant,bbox
12165283401,Central,restaurant,1,0,-1.2834073,36.821645,Zaman Restaurant,bbox
12168049891,Central,restaurant,1,0,-1.2808279,36.8214483,Rendervous,bbox
12168600343,Central,restaurant,1,0,-1.2748875,36.8211853,Bahati Food,bbox
12180426164,Central,restaurant,1,0,-1.2755073,36.8137244,Boulevard,bbox
13161552926,Central,restaurant,1,0,-1.283391,36.8231875,Mokka City Cafe & Lounge,bbox
13700851901,Central,restaurant,1,0,-1.2840996,36.82473,Pizza Mojo,bbox
6768615260,Central,salon,2,0,-1.2754509,36.8230533,Blue Isle Salon,bbox
7677255881,Central,salon,2,0,-1.2827015,36.8273871,Face and Figure Beauty Solutions,bbox
762025979,Central,supermarket,1,0,-1.2816587,36.8169366,Carrefour,bbox
1419821932,Central,supermarket,1,0,-1.2817574,36.8183031,Nakumatt Lifestyle,bbox
1720711114,Central,supermarket,1,0,-1.2832546,36.8231612,Ebrahims Supermarket,bbox
1720982953,Central,supermarket,1,0,-1.2836855,36.8253214,QuickMart,bbox
1720982958,Central,supermarket,1,0,-1.2833536,36.8283646,Tuskys,bbox
5555074037,Central,supermarket,1,0,-1.2870826,36.8252547,Uchumi Supermarket,bbox
5555074071,Central,supermarket,1,0,-1.2872919,36.8269277,Karrymart Downtown Supermarket,bbox
5555074075,Central,supermarket,1,0,-1.2882631,36.8273494,Naivas Development House Moi Avenue,bbox
5871155377,Central,supermarket,1,0,-1.2847155,36.8303338,vspace.ke,bbox
6126721035,Central,supermarket,1,0,-1.2926791,36.8218813,Tuskys Supermarket,bbox
8164646791,Central,supermarket,1,0,-1.2824691,36.8159837,Naivas,bbox
8213846285,Central,supermarket,1,0,-1.2849108,36.8313768,QuickMart,bbox
8883032995,Central,supermarket,1,0,-1.2814534,36.8181534,Naivas Lifestyle,bbox
8883032996,Central,supermarket,1,0,-1.2855691,36.8278976,Naivas Ronald Ngala,bbox
8883032997,Central,supermarket,1,0,-1.2855912,36.82772,Tusky'S Magic Express,bbox
8883032998,Central,supermarket,1,0,-1.2822401,36.8237391,Eastmatt,bbox
10637141721,Central,supermarket,1,0,-1.288442,36.8267881,QuickMart Pioneer,bbox
10648806292,Central,supermarket,1,0,-1.2764323,36.8293997,Western supermarket,bbox
2405883335,Dandora,clothes,1,0,-1.2437696,36.891903,Down wast shop,bbox
2405883340,Dandora,clothes,1,0,-1.2407199,36.8982148,Mama akoth shop,bbox
2405883343,Dandora,clothes,1,0,-1.2423857,36.8930834,Nyando shop,bbox
2405883349,Dandora,clothes,1,0,-1.2407602,36.8945008,Tummy general shop,bbox
12244005198,Dandora,clothes,1,0,-1.2553637,36.8864832,Carol fashion and design,bbox
12244024007,Dandora,clothes,1,0,-1.2511863,36.8881776,Seventy seven,bbox
12886664088,Dandora,clothes,1,0,-1.2472846,36.9021341,Black Triek,bbox
2405885970,Dandora,hairdresser,1,0,-1.2479103,36.8862787,Classic Hair Salon,bbox
12243480909,Dandora,hairdresser,1,0,-1.2530181,36.8885035,Mung'etho kinyozi,bbox
12243480910,Dandora,hairdresser,1,0,-1.2527703,36.8888892,JJ haircuts,bbox
12243480911,Dandora,hairdresser,1,0,-1.251462,36.8878726,Bigie babaz,bbox
12244024005,Dandora,hairdresser,1,0,-1.253154,36.8883266,Joy beauty and cosmetics,bbox
12244024008,Dandora,hairdresser,1,0,-1.2519045,36.8881211,Githaiga barber shop,bbox
2405883336,Dandora,hardware,1,0,-1.2409886,36.8973503,Gravy hut,bbox
2405883339,Dandora,hardware,1,0,-1.2404486,36.8956677,Mali Mali,bbox
2405883351,Dandora,hardware,1,0,-1.2394503,36.8983038,Waumini,bbox
11891025180,Dandora,hardware,1,0,-1.2579934,36.9207617,Fineline Hardware,bbox
2405836270,Dandora,kiosk,2,0,-1.2381801,36.8969935,Mama dan's kiosk,bbox
2405836330,Dandora,kiosk,2,0,-1.2415534,36.8939461,Path Mack shop,bbox
2405883330,Dandora,kiosk,2,0,-1.2406472,36.8983783,Angela shop,bbox
2405883332,Dandora,kiosk,2,0,-1.2433066,36.8911616,Babadogo kiosk,bbox
2405883342,Dandora,kiosk,2,0,-1.2439218,36.8921382,New genesis shop,bbox
2405883350,Dandora,kiosk,2,0,-1.2409218,36.8977448,Wa mwangi,bbox
2405883352,Dandora,kiosk,2,0,-1.2418106,36.8936694,Yangas general shop,bbox
1732933877,Dandora,pharmacy,1,0,-1.2466004,36.892626,,bbox
2405836284,Dandora,pharmacy,1,0,-1.2416554,36.8955208,Powa,bbox
2405883356,Dandora,pharmacy,1,0,-1.2395054,36.8989494,,bbox
2405883359,Dandora,pharmacy,1,0,-1.239866,36.8969407,,bbox
2405886003,Dandora,pharmacy,1,0,-1.2473833,36.8863667,St. Luke Chemist and Medical Clinic,bbox
8891844998,Dandora,pharmacy,1,0,-1.2468189,36.8914208,Gonga Njaa,bbox
8891844999,Dandora,pharmacy,1,0,-1.2511546,36.8917124,Candy Chemist,bbox
8891845000,Dandora,pharmacy,1,0,-1.25461,36.8873,Chemist,bbox
8891845001,Dandora,pharmacy,1,0,-1.25581,36.8865,Chemist,bbox
8891845002,Dandora,pharmacy,1,0,-1.25608,36.8862,Kwa Mary,bbox
8891845003,Dandora,pharmacy,1,0,-1.2491,36.8912,Baraka Chemist,bbox
8963037627,Dandora,pharmacy,1,0,-1.2598489,36.890421,Jerusalem in Dandora,bbox
8963037629,Dandora,pharmacy,1,0,-1.2447046,36.8935644,Siwandhe Pharmacy,bbox
12243233630,Dandora,pharmacy,1,0,-1.2510119,36.8883891,Mickey,bbox
12243233631,Dandora,pharmacy,1,0,-1.2512752,36.8902045,Chemist,bbox
12243233632,Dandora,pharmacy,1,0,-1.2511011,36.8909499,MK Chemist,bbox
1732933789,Dandora,restaurant,1,0,-1.2458875,36.8923429,Equater Hotel,bbox
6249168566,Dandora,restaurant,1,0,-1.2294576,36.9194886,Sunton Bar & Restaurant,bbox
6819930266,Dandora,restaurant,1,0,-1.2566623,36.9243411,Junction Villa,bbox
12243583400,Dandora,restaurant,1,0,-1.2556328,36.8876285,Kwa mama chapo,bbox
12243613701,Dandora,restaurant,1,0,-1.2469032,36.8910075,Gonga njaa police canteen,bbox
12243613702,Dandora,restaurant,1,0,-1.2548909,36.8868173,New wendani cool base,bbox
12243613703,Dandora,restaurant,1,0,-1.2556197,36.8862551,Kwa were food kiosk,bbox
12243613704,Dandora,restaurant,1,0,-1.2530941,36.8884015,New Ebenezer hotel,bbox
12243613705,Dandora,restaurant,1,0,-1.2558643,36.8860812,Shalom blessing cafe,bbox
12243613706,Dandora,restaurant,1,0,-1.2541647,36.8876282,Barikiwa cafe,bbox
2405829029,Dandora,supermarket,1,0,-1.244272,36.8885053,Mini price supermarket,bbox
2405883337,Dandora,supermarket,1,0,-1.2397586,36.8980003,Happy view,bbox
2405883344,Dandora,supermarket,1,0,-1.2438304,36.8916039,Nyar jimo shop,bbox
6173489654,Dandora,supermarket,1,0,-1.2570221,36.9226773,Neema Supermarket,bbox
6173489655,Dandora,supermarket,1,0,-1.2569895,36.9225076,Hill Mart Supermarket,bbox
6819930254,Dandora,supermarket,1,0,-1.2648803,36.9092695,Maryland,bbox
12099665959,Dandora,supermarket,1,0,-1.2569718,36.9231054,Muhindi Mweusi Supermarket,bbox
3419467091,Eastleigh,clothes,1,0,50.9692601,-1.3528682,Skoolkit,area
13758377945,Eastleigh,clothes,1,0,50.9686852,-1.3532666,Luxe Fashion,area
912014117,Eastleigh,fast_food,2,0,50.9673284,-1.3538926,McDonald's,area
925074099,Eastleigh,fast_food,2,0,50.9692582,-1.3531648,Domino's,area
929208217,Eastleigh,fast_food,2,0,50.9633711,-1.35507,,area
1273685878,Eastleigh,fast_food,2,0,50.9779975,-1.3602279,Star Balti House,area
1273685939,Eastleigh,fast_food,2,0,50.9780414,-1.3601797,Top Chef,area
3139312043,Eastleigh,fast_food,2,0,50.9676255,-1.3541251,Pizza Hut Delivery,area
3417288460,Eastleigh,fast_food,2,0,50.9676197,-1.3522498,Subway,area
3417338657,Eastleigh,fast_food,2,0,50.9690763,-1.351657,Istanbul Grill,area
3417489165,Eastleigh,fast_food,2,0,50.9682918,-1.3521391,KOKORO,area
3418265356,Eastleigh,fast_food,2,0,50.9689797,-1.3532367,Monett,area
3418265357,Eastleigh,fast_food,2,0,50.9689427,-1.3535426,Papa John's,area
3418265363,Eastleigh,fast_food,2,0,50.9690188,-1.3532201,Yummy Yummy,area
6502636087,Eastleigh,fast_food,2,0,50.9755915,-1.3501406,Corniche,area
12289824128,Eastleigh,fast_food,2,0,50.9675525,-1.3534574,Dallas Chicken & Pizza,area
12292036955,Eastleigh,fast_food,2,0,50.9678465,-1.3521654,Greggs,area
13078191744,Eastleigh,fast_food,2,0,50.9633631,-1.3551699,Chunky,area
7049223508,Eastleigh,greengrocer,2,0,50.9680148,-1.3521446,Roebridge Farm Shop,area
1273685866,Eastleigh,hairdresser,1,0,50.9777387,-1.3599618,Quiffys,area
3139323346,Eastleigh,hairdresser,1,0,50.9679854,-1.3536907,Clique,area
3417338661,Eastleigh,hairdresser,1,0,50.9680337,-1.3519057,The Barber's Lounge,area
3417351008,Eastleigh,hairdresser,1,0,50.9689379,-1.3516971,The Salon The Barbers,area
3418265347,Eastleigh,hairdresser,1,0,50.9688276,-1.353567,Charlie Girl & Dee Gee's Hair Salon,area
3418332616,Eastleigh,hairdresser,1,0,50.9687202,-1.3532539,,area
12289782331,Eastleigh,hairdresser,1,0,50.967471,-1.3527851,Dolly Rockers,area
12289824138,Eastleigh,hairdresser,1,0,50.9675228,-1.353123,The Style Room,area
12290272972,Eastleigh,hairdresser,1,0,50.9691337,-1.3534819,Matt's,area
12290272977,Eastleigh,hairdresser,1,0,50.9683699,-1.3536094,Eastleigh Barbers,area
12292036951,Eastleigh,hairdresser,1,0,50.9684425,-1.351804,Celly's,area
12607688764,Eastleigh,hairdresser,1,0,50.9681319,-1.3595664,Our Hair Lounge,area
13265327677,Eastleigh,hairdresser,1,0,50.9605344,-1.3560792,Talking Heads,area
12915314789,Eastleigh,hardware,1,0,50.9762131,-1.3633709,HomeSmart Installations,area
1273685909,Eastleigh,laundry,2,0,50.9776134,-1.3595777,,area
6237209478,Eastleigh,pharmacy,1,0,50.9665609,-1.3534574,Boots,area
12915430499,Eastleigh,pharmacy,1,0,50.9778481,-1.3602733,Boyatt Pharmacy,area
566159506,Eastleigh,restaurant,1,0,50.9664626,-1.3519049,Nando's,area
697182980,Eastleigh,restaurant,1,0,50.9728763,-1.3737065,The Gateway,area
3249087464,Eastleigh,restaurant,1,0,50.9670586,-1.3516374,Harvester,area
3249087474,Eastleigh,restaurant,1,0,50.9671397,-1.3516564,Prezzo,area
3417370537,Eastleigh,restaurant,1,0,50.9686244,-1.3517579,OiSHII Ramen,area
3418265343,Eastleigh,restaurant,1,0,50.9682368,-1.3536343,Artisan Cafe,area
3418265352,Eastleigh,restaurant,1,0,50.9687193,-1.3536042,The Chalet,area
3418265361,Eastleigh,restaurant,1,0,50.9691877,-1.3534688,Black Oak BBQ,area
3419467090,Eastleigh,restaurant,1,0,50.9692312,-1.3527782,Poppins Cafe,area
6507636090,Eastleigh,restaurant,1,0,50.9682962,-1.3533082,EVI Meze & Grill & Pizza,area
10223395000,Eastleigh,restaurant,1,0,50.9503773,-1.3613927,The Olive Tree,area
12290272974,Eastleigh,restaurant,1,0,50.9687824,-1.3535879,Katarina's,area
12290272980,Eastleigh,restaurant,1,0,50.9678716,-1.3536912,Delhi 39,area
12291438133,Eastleigh,restaurant,1,0,50.9684234,-1.3533461,Saffron,area
3417443046,Eastleigh,salon,2,0,50.967528,-1.3519385,BH Nails and Beauty,area
3417443052,Eastleigh,salon,2,0,50.9678748,-1.3519003,Studio 7,area
12289782329,Eastleigh,salon,2,0,50.9674555,-1.3526203,Quincy Nail & Beauty,area
12289824141,Eastleigh,salon,2,0,50.9675239,-1.3532141,Blossom Nails,area
12290272976,Eastleigh,salon,2,0,50.9686063,-1.3535832,Colour Nails,area
12291991834,Eastleigh,salon,2,0,50.9692044,-1.3513847,Consol,area
12607688766,Eastleigh,salon,2,0,50.9681138,-1.3594351,The Pink Room,area
12607688770,Eastleigh,salon,2,0,50.9679065,-1.3596201,No 1 Beauty Studio,area
4400613089,Embakasi,clothes,1,0,-1.2863712,36.8853157,Umoja N,area
6259798962,Embakasi,clothes,1,0,-1.2946595,36.8960525,Sir Tonnie Collections,area
10544077517,Embakasi,clothes,1,0,-1.3317248,36.925118,Beth International,area
1417861339,Embakasi,fast_food,2,0,-1.3189206,36.8823186,Food Kiosk,area
1460892731,Embakasi,fast_food,2,0,-1.3012403,36.8882977,Steers Donholm,area
6208216883,Embakasi,fast_food,2,0,-1.3290896,36.8911044,KFC,area
6259798893,Embakasi,fast_food,2,0,-1.3114515,36.9139568,pizza inn,area
8120372629,Embakasi,fast_food,2,0,-1.3045281,36.9024238,Calamar foods (fast food),area
10132613364,Embakasi,fast_food,2,0,-1.3177845,36.917489,Domino's,area
10544082742,Embakasi,fast_food,2,0,-1.3316164,36.9240793,Hardee's,area
11801790532,Embakasi,fast_food,2,0,-1.281083,36.9058554,Sarai Popcorns,area
13076006785,Embakasi,fast_food,2,0,-1.2909333,36.891067,Chips point,area
13860796599,Embakasi,fast_food,2,0,-1.290794,36.8911516,Tena pork centre,area
1432507895,Embakasi,greengrocer,2,0,-1.3165777,36.8754618,David fair price grocery,area
1419101755,Embakasi,hairdresser,1,0,-1.3207617,36.8883568,Texas Complex berbershop,area
1419101756,Embakasi,hairdresser,1,0,-1.3208529,36.8862719,Smart Curtz berbershop,area
1432507897,Embakasi,hairdresser,1,0,-1.3177405,36.8747034,Dmax barber shop,area
1432508015,Embakasi,hairdresser,1,0,-1.3184206,36.8760257,Master mind kinyozi,area
1432508037,Embakasi,hairdresser,1,0,-1.3170551,36.875098,Peace and joy hair salon and cosmetic,area
1437347794,Embakasi,hairdresser,1,0,-1.3165684,36.869595,Classic kinyozi,area
1437347829,Embakasi,hairdresser,1,0,-1.3195848,36.8746085,Jam rescue kinyozi,area
1437347905,Embakasi,hairdresser,1,0,-1.3163884,36.8755608,Princess hair salon,area
1437347907,Embakasi,hairdresser,1,0,-1.3181937,36.8744128,Pwani salon,area
1437347917,Embakasi,hairdresser,1,0,-1.3176196,36.8748096,Secret hair salon,area
1446059277,Embakasi,hairdresser,1,0,-1.3159647,36.8665119,Mitchgan berber shop,area
6899784232,Embakasi,hairdresser,1,0,-1.2773378,36.8919227,Jeff's Barbershop,area
10132613365,Embakasi,hairdresser,1,0,-1.3176979,36.9176,Big Spot Barber Shop,area
10997396305,Embakasi,hairdresser,1,0,-1.2839329,36.9712076,Hair Maniac,area
12117204281,Embakasi,hairdresser,1,0,-1.3057968,36.907644,,area
12947135095,Embakasi,hairdresser,1,0,-1.2905618,36.8910973,Kings & Queens Barber & Beauty Spa,area
1417918703,Embakasi,hardware,1,0,-1.3166719,36.8837715,Evas Hardware,area
1419101776,Embakasi,hardware,1,0,-1.3217702,36.8885241,Jasho Hurdware,area
1432507892,Embakasi,hardware,1,0,-1.3164633,36.8741985,DKM hardware,area
1432507979,Embakasi,hardware,1,0,-1.3147341,36.8751391,Kosovo hardware,area
11891025180,Embakasi,hardware,1,0,-1.2579934,36.9207617,Fineline Hardware,area
12886374843,Embakasi,hardware,1,0,-1.3241367,36.8939283,Pipuline,area
12886532075,Embakasi,hardware,1,0,-1.3150257,36.9144296,Luxe Shine Auto Spa,area
12886532099,Embakasi,hardware,1,0,-1.3183,36.9053765,Simba Autoworks,area
12886546555,Embakasi,hardware,1,0,-1.3193417,36.8658367,Kenya Hydralics LTD,area
12886546558,Embakasi,hardware,1,0,-1.3163526,36.8621057,SMS Scrap Metal,area
878847302,Embakasi,kiosk,2,0,-1.3137858,36.8840715,Muguka Base,area
914492919,Embakasi,kiosk,2,0,-1.3263667,36.8805766,Kenroid Complex,area
1419004993,Embakasi,kiosk,2,0,-1.3166866,36.8865786,Mutua's Shop,area
1432507871,Embakasi,kiosk,2,0,-1.3181444,36.8744801,African village shop,area
1432507886,Embakasi,kiosk,2,0,-1.319069,36.8738017,Chabumba hotel,area
1432507950,Embakasi,kiosk,2,0,-1.319309,36.8741531,Joypot general shop,area
1432508013,Embakasi,kiosk,2,0,-1.3189696,36.8734892,Mashallah hotel,area
1432508014,Embakasi,kiosk,2,0,-1.3187278,36.8740881,Masinga complex shop,area
1432508054,Embakasi,kiosk,2,0,-1.3156947,36.8751597,Smarte wholesale and retail shop,area
1432508061,Embakasi,kiosk,2,0,-1.3158202,36.8752893,Symo Wholesale,area
1437347763,Embakasi,kiosk,2,0,-1.3180998,36.8744558,African village shop,area
1437347775,Embakasi,kiosk,2,0,-1.3182095,36.8762234,Alfred shop,area
1437347776,Embakasi,kiosk,2,0,-1.3164596,36.8755193,Amosson fresh milk,area
1437347820,Embakasi,kiosk,2,0,-1.3174753,36.8711037,Gathati kiosk,area
1437347837,Embakasi,kiosk,2,0,-1.3192834,36.8741649,Joypot general shop,area
1437347863,Embakasi,kiosk,2,0,-1.3169594,36.8702055,Mama Nzilani,area
1437347871,Embakasi,kiosk,2,0,-1.3151522,36.8693592,Matuu shop,area
1437347878,Embakasi,kiosk,2,0,-1.3173634,36.8712843,Munyonge enterprice,area
1437347879,Embakasi,kiosk,2,0,-1.3141231,36.8696884,Muthuthi mini shop,area
1437347908,Embakasi,kiosk,2,0,-1.3183752,36.8742741,Remeg general shop,area
1437347988,Embakasi,kiosk,2,0,-1.3165491,36.8741395,Wayside shop,area
1446059214,Embakasi,kiosk,2,0,-1.3159773,36.8689841,Mwameroka Shop,area
1446059271,Embakasi,kiosk,2,0,-1.3157449,36.8647656,Posho mill,area
10544068686,Embakasi,kiosk,2,0,-1.332112,36.9244432,Yog,area
11888660108,Embakasi,kiosk,2,0,-1.3138954,36.8697103,,area
1432507920,Embakasi,laundry,2,0,-1.3162197,36.8758804,Gaza dhobi and Kinyozi,area
1432507983,Embakasi,laundry,2,0,-1.3165643,36.8764597,Lesoi drycleaner and ironing,area
10132613366,Embakasi,laundry,2,0,-1.3175847,36.9177533,Perkel Laundry Shop,area
878846165,Embakasi,pharmacy,1,0,-1.318475,36.8844413,Kingori Medical Centre,area
878846200,Embakasi,pharmacy,1,0,-1.3190542,36.8877584,Hope Medical Clinic,area
878846270,Embakasi,pharmacy,1,0,-1.317285,36.8786013,Katope Medical Clinic,area
878846315,Embakasi,pharmacy,1,0,-1.3160883,36.8785253,Kemer Junior Medical Centre,area
878846969,Embakasi,pharmacy,1,0,-1.3159758,36.8862514,jobe medical clinic,area
878847446,Embakasi,pharmacy,1,0,-1.3177587,36.8868036,UZIMA MEDICAL CLINIC,area
914492931,Embakasi,pharmacy,1,0,-1.3230048,36.8857691,Hope Medical Clinic,area
914492933,Embakasi,pharmacy,1,0,-1.3212211,36.8842169,Sunrise Medicare,area
914492970,Embakasi,pharmacy,1,0,-1.3170613,36.8800836,Riverside Medical,area
914492972,Embakasi,pharmacy,1,0,-1.3167416,36.8790956,Sunrise Medicare,area
1417861337,Embakasi,pharmacy,1,0,-1.3181185,36.8820091,Mediva Chemist,area
1417861348,Embakasi,pharmacy,1,0,-1.3181559,36.8823115,Imani Health Chemist,area
1417918726,Embakasi,pharmacy,1,0,-1.3153677,36.8836506,Unity Medical Services,area
1417918727,Embakasi,pharmacy,1,0,-1.3139841,36.8845362,Vision View Medical Services,area
1432507872,Embakasi,pharmacy,1,0,-1.3168652,36.8739347,Afya dispesing clinic,area
1432507883,Embakasi,pharmacy,1,0,-1.3186676,36.8759058,Caprikema medical chemist,area
1432507889,Embakasi,pharmacy,1,0,-1.3168413,36.8768954,Col-phrm chemist,area
1432508000,Embakasi,pharmacy,1,0,-1.3151124,36.8765197,MASCO medical clinic,area
1432508012,Embakasi,pharmacy,1,0,-1.3162694,36.8762103,Mara health centre,area
1432508020,Embakasi,pharmacy,1,0,-1.3195476,36.874496,Mwa medical clinic and maternity,area
1432508035,Embakasi,pharmacy,1,0,-1.314165,36.8757343,P.M.C. medical clinic,area
1432508036,Embakasi,pharmacy,1,0,-1.3191429,36.8755759,Paradise med clinic,area
1432508056,Embakasi,pharmacy,1,0,-1.315995,36.8755193,St. Mark Mediacal clinic,area
1432508057,Embakasi,pharmacy,1,0,-1.3162037,36.8758475,St. Mathias medical clinic,area
1432508063,Embakasi,pharmacy,1,0,-1.3155171,36.874958,Tumaini comm health service,area
1432508108,Embakasi,pharmacy,1,0,-1.3189993,36.8734433,wadani hospital,area
1437347843,Embakasi,pharmacy,1,0,-1.3192234,36.8740813,Kengori med clinic,area
1437347851,Embakasi,pharmacy,1,0,-1.3173648,36.8712288,Lagos cilinic,area
1437348030,Embakasi,pharmacy,1,0,-1.3159035,36.8746298,Rueben Medical Clinic Pharmacy,area
1437348033,Embakasi,pharmacy,1,0,-1.3161826,36.8743824,Ponya Clinic Pharmacy,area
1437348037,Embakasi,pharmacy,1,0,-1.3166605,36.874071,Glory Medical Clinic Pharmacy,area
1446059176,Embakasi,pharmacy,1,0,-1.3165969,36.8663755,Faith medical clinic,area
1446059183,Embakasi,pharmacy,1,0,-1.3159869,36.8660087,All saint medical clinic,area
1446059205,Embakasi,pharmacy,1,0,-1.3159573,36.866398,Chemist,area
1446059231,Embakasi,pharmacy,1,0,-1.3161969,36.8683438,Chemist,area
1446059260,Embakasi,pharmacy,1,0,-1.3148491,36.868187,clinic,area
2001268286,Embakasi,pharmacy,1,0,-1.320252,36.8883133,Gastine,area
10544065251,Embakasi,pharmacy,1,0,-1.3295459,36.9251389,Crayson Pharmacy,area
10544066337,Embakasi,pharmacy,1,0,-1.3314383,36.9239129,,area
12117204297,Embakasi,pharmacy,1,0,-1.3133257,36.9151323,,area
12117230402,Embakasi,pharmacy,1,0,-1.3116585,36.9136081,,area
12886532091,Embakasi,pharmacy,1,0,-1.3105622,36.8999765,Near Semularphamarcy,area
1419004976,Embakasi,restaurant,1,0,-1.319071,36.8879915,Cool Inn Restaurant,area
5401775799,Embakasi,restaurant,1,0,-1.278171,36.8951139,Jiweke Tavern Umoja,area
6103353044,Embakasi,restaurant,1,0,-1.2872288,36.8943962,Oloiboni hotel,area
6208028476,Embakasi,restaurant,1,0,-1.327199,36.8826503,SaharaClassicGardens,area
6208216880,Embakasi,restaurant,1,0,-1.3286643,36.8909303,CRAIC LOUNGE,area
6208216884,Embakasi,restaurant,1,0,-1.3292439,36.8908112,36 Mangoes,area
6208217302,Embakasi,restaurant,1,0,-1.3281221,36.8917901,Chicken Inn,area
6208217303,Embakasi,restaurant,1,0,-1.3282565,36.8919312,Pizza Inn-Embakasi,area
6208217304,Embakasi,restaurant,1,0,-1.3282563,36.8924251,Carribean Food Court,area
6259798908,Embakasi,restaurant,1,0,-1.3088331,36.902275,NEBLESKA,area
6259798917,Embakasi,restaurant,1,0,-1.31544,36.8950289,"Spinners Gardens, Fedha Estate",area
6259798939,Embakasi,restaurant,1,0,-1.3095897,36.8914376,Moto Moto Chicken & Chips,area
6259798955,Embakasi,restaurant,1,0,-1.2983394,36.8913679,Pyasa Lounge & Restaurant,area
6259798956,Embakasi,restaurant,1,0,-1.2980531,36.8910921,Anchor Bistrol Sports Bar,area
6259798970,Embakasi,restaurant,1,0,-1.2894102,36.9008054,Java House - Greenspan Mall,area
6259798971,Embakasi,restaurant,1,0,-1.2894864,36.900977,Chicken Inn,area
6259860356,Embakasi,restaurant,1,0,-1.2816683,36.9054199,Flame Grill Kayole,area
6259860360,Embakasi,restaurant,1,0,-1.2852719,36.8999996,Marx Sports Bar,area
6259860362,Embakasi,restaurant,1,0,-1.28944,36.8940912,POTUS Bar and Lounge,area
6259924664,Embakasi,restaurant,1,0,-1.2757747,36.892207,Sea Boat Inn,area
6808066093,Embakasi,restaurant,1,0,-1.3244637,36.882902,Point Bandaz,area
6817315480,Embakasi,restaurant,1,0,-1.2817501,36.9022782,Junction Gardens,area
6817327491,Embakasi,restaurant,1,0,-1.2801078,36.8992396,Ahero,area
6817327500,Embakasi,restaurant,1,0,-1.2818374,36.8892956,The Hague,area
6819685083,Embakasi,restaurant,1,0,-1.275535,36.908505,Wallet Bar,area
6819930252,Embakasi,restaurant,1,0,-1.2670037,36.9167,Tushauriane,area
6819930265,Embakasi,restaurant,1,0,-1.2722794,36.9100537,Bamboo,area
8120348490,Embakasi,restaurant,1,0,-1.3036513,36.9031185,Calif dishes,area
8120363384,Embakasi,restaurant,1,0,-1.3052266,36.9019466,Tassia fry,area
8296786365,Embakasi,restaurant,1,0,-1.3145722,36.9161348,Atmosphere Pub And Grill,area
8338714160,Embakasi,restaurant,1,0,-1.2780983,36.8906384,Peacock,area
9020201625,Embakasi,restaurant,1,0,-1.2764651,36.8876406,Charina Club,area
9020201627,Embakasi,restaurant,1,0,-1.2941993,36.8879662,Eden Lounge,area
9020201633,Embakasi,restaurant,1,0,-1.3003495,36.8891502,Flamegrill,area
9020201634,Embakasi,restaurant,1,0,-1.3207668,36.897436,Flame Grill-Pipeline,area
9047839191,Embakasi,restaurant,1,0,-1.2888605,36.9026732,Steers and Debonairs - Greenspan,area
10132603400,Embakasi,restaurant,1,0,-1.3185496,36.9149115,Caffe Tigo,area
10544049194,Embakasi,restaurant,1,0,-1.3310534,36.9242005,Tembo Bistro & Bar,area
10544059120,Embakasi,restaurant,1,0,-1.3319238,36.924861,Amaica,area
10544067296,Embakasi,restaurant,1,0,-1.331655,36.9245475,Ro-Ro,area
10962248492,Embakasi,restaurant,1,0,-1.3131269,36.8888114,Sports Garden Bar and Restaurant,area
12164092968,Embakasi,restaurant,1,0,-1.3295792,36.924811,Tembo Bistro & Bar,area
12947131314,Embakasi,restaurant,1,0,-1.2904511,36.8910486,Haven food court,area
13417925493,Embakasi,restaurant,1,0,-1.26586,36.9047488,,area
8594289417,Embakasi,salon,2,0,-1.2830699,36.902078,,area
12947145669,Embakasi,salon,2,0,-1.2919478,36.8904285,Bliss beauty Salon,area
12947153523,Embakasi,salon,2,0,-1.2906434,36.8913228,Peshy's beauty parlour,area
489246761,Embakasi,supermarket,1,0,-1.3295149,36.8891623,Nakumatt Embakasi Supermarket,area
650226622,Embakasi,supermarket,1,0,-1.2958319,36.8873124,Naivas Eastgate,area
1419004979,Embakasi,supermarket,1,0,-1.3180617,36.8872411,Furahamatt Supermarket,area
1419004989,Embakasi,supermarket,1,0,-1.3148778,36.885588,Karama Supermarket,area
1419101738,Embakasi,supermarket,1,0,-1.3195609,36.8878526,Muindi Mweusi supermarket Kwa Njenga,area
1762037898,Embakasi,supermarket,1,0,-1.2970642,36.8941634,Rikana Supermarket,area
3032456378,Embakasi,supermarket,1,0,-1.2862317,36.8907031,Satellite Supermarket,area
3032456381,Embakasi,supermarket,1,0,-1.2852411,36.8941738,Nabuto Supermarket,area
3032456387,Embakasi,supermarket,1,0,-1.2878047,36.8914782,Jeska Supermarket,area
3032456388,Embakasi,supermarket,1,0,-1.2847299,36.8842314,Dimples Supermarket,area
4739716934,Embakasi,supermarket,1,0,-1.2673913,36.9052027,Cleanshelf Supermarket,area
4838514230,Embakasi,supermarket,1,0,-1.3281089,36.8827871,Bonjour,area
6103385713,Embakasi,supermarket,1,0,-1.2876151,36.8931932,Skymart Supermarket,area
6140597685,Embakasi,supermarket,1,0,-1.2810206,36.9058727,Cleanshelf,area
6259798912,Embakasi,supermarket,1,0,-1.3120376,36.8989506,Jacknice Supermarket,area
6259798914,Embakasi,supermarket,1,0,-1.3120147,36.8956399,Harakisha Mini-Market,area
6259798931,Embakasi,supermarket,1,0,-1.3168308,36.8960005,Tumaini Supermarket,area
6259798935,Embakasi,supermarket,1,0,-1.3137528,36.8949022,QuickMart,area
6259860368,Embakasi,supermarket,1,0,-1.2893383,36.8876825,Super Deals Supermarket Real,area
6819930254,Embakasi,supermarket,1,0,-1.2648803,36.9092695,Maryland,area
8120334793,Embakasi,supermarket,1,0,-1.3049584,36.9019018,Dil Mart Supermarket,area
8120475934,Embakasi,supermarket,1,0,-1.2982231,36.9122799,Baraka Estate Shopping Mall,area
8168762000,Embakasi,supermarket,1,0,-1.3086332,36.9024681,Naivas Supermarket Fedha,area
8296786366,Embakasi,supermarket,1,0,-1.3136754,36.9150496,QuickMart,area
8370986578,Embakasi,supermarket,1,0,-1.300412,36.9084685,Ojil Mart,area
9597299463,Embakasi,supermarket,1,0,-1.2886818,36.9011525,NAIVAS Greenspan,area
9800973665,Embakasi,supermarket,1,0,-1.2882851,36.9721582,RSL,area
10997396406,Embakasi,supermarket,1,0,-1.2888004,36.9713216,Fraliz Supermarket,area
11005640706,Embakasi,supermarket,1,0,-1.2886603,36.9719611,Dana's Supermarket,area
6249531854,Githurai,supermarket,1,0,-1.2041822,36.9159467,Kassmat Supermarket,bbox
6249531858,Githurai,supermarket,1,0,-1.2052074,36.9175137,Kassmat Jumbo Supermarket,bbox
6249531859,Githurai,supermarket,1,0,-1.2054662,36.9177571,"Naivas Supermarket, Githurai Branch.",bbox
5360202700,Highridge,clothes,1,0,-1.260907,36.8023242,Manix Clothing Store,bbox
5428162266,Highridge,clothes,1,0,-1.2633348,36.8014536,Jade Collection Westlands,bbox
10902369105,Highridge,clothes,1,0,-1.2747324,36.8195812,,bbox
494772328,Highridge,fast_food,2,0,-1.2567678,36.8029479,KFC,bbox
940066425,Highridge,fast_food,2,0,-1.2738742,36.8046753,Unes Arziki,bbox
1283152193,Highridge,fast_food,2,0,-1.2638111,36.8242758,Pizza Inn-Parklands,bbox
2505117835,Highridge,fast_food,2,0,-1.2641224,36.8031281,Chicken Inn,bbox
3643391723,Highridge,fast_food,2,0,-1.263823,36.8024426,Domino's,bbox
4636838168,Highridge,fast_food,2,0,-1.2672432,36.8116607,Creamy Inn,bbox
4636839589,Highridge,fast_food,2,0,-1.2672296,36.8117823,Galito's,bbox
5328482643,Highridge,fast_food,2,0,-1.2627036,36.804045,Subway,bbox
5328505511,Highridge,fast_food,2,0,-1.263742,36.80237,KFC,bbox
5340456251,Highridge,fast_food,2,0,-1.2652011,36.8041515,Mc Frys' Westlands,bbox
5352496843,Highridge,fast_food,2,0,-1.2376477,36.8100936,Domino's,bbox
5352496844,Highridge,fast_food,2,0,-1.237755,36.8102438,Mc Frys,bbox
5429831082,Highridge,fast_food,2,0,-1.2591571,36.8265495,KFC,bbox
5444958291,Highridge,fast_food,2,0,-1.2640028,36.8032758,Pizza Inn Westlands Oilibya,bbox
6171147704,Highridge,fast_food,2,0,-1.2732405,36.8123051,Hardee's,bbox
7005120085,Highridge,fast_food,2,0,-1.2631678,36.8063443,Saravana Bhavan,bbox
11414546928,Highridge,fast_food,2,0,-1.2636579,36.8025899,Domino's,bbox
13817627547,Highridge,fast_food,2,0,-1.2551642,36.7998841,Dieter's Grill,bbox
809797261,Highridge,greengrocer,2,0,-1.2376338,36.8098467,Beyond Fruits,bbox
1628483755,Highridge,greengrocer,2,0,-1.2559855,36.8060073,Zucchini GreenGrocers,bbox
4439703890,Highridge,greengrocer,2,0,-1.2743275,36.7922916,Fruit stalls,bbox
4793984121,Highridge,greengrocer,2,0,-1.2595908,36.8254711,Ngara Flour Mills,bbox
4793984122,Highridge,greengrocer,2,0,-1.2597618,36.8256259,Parklands Ration Store,bbox
4793984123,Highridge,greengrocer,2,0,-1.2580883,36.8142607,One Stop Ration Store,bbox
4793984522,Highridge,greengrocer,2,0,-1.2623558,36.8072492,Nakar Distributors,bbox
5340460869,Highridge,hairdresser,1,0,-1.2529633,36.7961099,Dhiiren's Salon,bbox
11577052439,Highridge,hairdresser,1,0,-1.2653406,36.8043629,Mancave,bbox
12167964188,Highridge,hairdresser,1,0,-1.2742417,36.8217076,Darling,bbox
5643268524,Highridge,hardware,1,0,-1.262144,36.8047316,Creative Innovations,bbox
12167316038,Highridge,kiosk,2,0,-1.2742833,36.821785,,bbox
12167316039,Highridge,kiosk,2,0,-1.2742471,36.8217876,Bless Shop,bbox
12167964186,Highridge,kiosk,2,0,-1.2742738,36.8217594,,bbox
809797266,Highridge,laundry,2,0,-1.2375167,36.8103162,,bbox
813086068,Highridge,pharmacy,1,0,-1.2485344,36.7974107,,bbox
5328478219,Highridge,pharmacy,1,0,-1.2639059,36.8022288,Goodlife Pharmcy,bbox
5340559317,Highridge,pharmacy,1,0,-1.2572785,36.803507,Goodlife Westgate,bbox
5444958312,Highridge,pharmacy,1,0,-1.2644391,36.8026896,Flametree Pharmacy Ltd,bbox
5540761517,Highridge,pharmacy,1,0,-1.265064,36.8042579,Kam Pharmacy Ltd,bbox
5552269195,Highridge,pharmacy,1,0,-1.2653138,36.8063753,Ram Pharmaceuticals Ltd,bbox
6969796486,Highridge,pharmacy,1,0,-1.2606306,36.8013498,Goodlife,bbox
6969796690,Highridge,pharmacy,1,0,-1.2643563,36.8110469,,bbox
10117889578,Highridge,pharmacy,1,0,-1.2600785,36.8173863,Krishna Pharmacy,bbox
11414546929,Highridge,pharmacy,1,0,-1.2628601,36.8025,pharmaplus,bbox
12243686392,Highridge,pharmacy,1,0,-1.2581125,36.8185972,quintons pharmacy,bbox
12243698511,Highridge,pharmacy,1,0,-1.2591445,36.8262793,Goodlife,bbox
14058915763,Highridge,pharmacy,1,0,-1.2378061,36.8104142,Goodlife Pharmacy,bbox
30312305,Highridge,restaurant,1,0,-1.2663406,36.7993414,Anghiti,bbox
30320192,Highridge,restaurant,1,0,-1.2632851,36.8043073,Siam Thai,bbox
30324348,Highridge,restaurant,1,0,-1.2638579,36.8054258,Taiwan,bbox
151516294,Highridge,restaurant,1,0,-1.2497399,36.8203553,La Dolce Vita,bbox
481978553,Highridge,restaurant,1,0,-1.2633293,36.8077576,Spurs Steak Ranches,bbox
537501268,Highridge,restaurant,1,0,-1.2677327,36.8084392,Osteria Westlands,bbox
582802520,Highridge,restaurant,1,0,-1.2642215,36.8008542,Fogo Gaucho,bbox
805298110,Highridge,restaurant,1,0,-1.236628,36.811037,Cedars,bbox
1221423620,Highridge,restaurant,1,0,-1.2644254,36.8109797,Maharaja Restaurant,bbox
1628483772,Highridge,restaurant,1,0,-1.255948,36.8068522,Furusato,bbox
1867233993,Highridge,restaurant,1,0,-1.2580886,36.7870493,Abyssinia Exotic Ethiopian Restaurant,bbox
2647288137,Highridge,restaurant,1,0,-1.2641774,36.8044091,Havana Bar & Restaurant,bbox
2780913159,Highridge,restaurant,1,0,-1.2376508,36.8105792,Big Square Gigiri,bbox
2885172002,Highridge,restaurant,1,0,-1.2616628,36.7879404,Kivulini at Wasini,bbox
2991405453,Highridge,restaurant,1,0,-1.2755591,36.7889255,Viva Lounge,bbox
4304615716,Highridge,restaurant,1,0,-1.2418653,36.8205103,The River Café,bbox
4406454891,Highridge,restaurant,1,0,-1.2742354,36.7888224,Tulip's,bbox
4406696293,Highridge,restaurant,1,0,-1.2579841,36.8183056,Asoka,bbox
4613993992,Highridge,restaurant,1,0,-1.265527,36.8052102,Chowpaty,bbox
4636840024,Highridge,restaurant,1,0,-1.2673261,36.8119032,Pizza Inn,bbox
5328489787,Highridge,restaurant,1,0,-1.2655239,36.8021618,Urban Eatery,bbox
5339160677,Highridge,restaurant,1,0,-1.2706857,36.7931233,Chengdu Impression,bbox
5339193627,Highridge,restaurant,1,0,-1.2668021,36.7990971,Azure Hotel Nairobi Westlands,bbox
5339200167,Highridge,restaurant,1,0,-1.2705563,36.7984216,Pots And Palms,bbox
5339209653,Highridge,restaurant,1,0,-1.2735736,36.7940306,Laikipia Cottages,bbox
5339317386,Highridge,restaurant,1,0,-1.2714378,36.8018311,Amani ya Juu,bbox
5339320764,Highridge,restaurant,1,0,-1.2698873,36.8036788,Soi Restaurant,bbox
5339320765,Highridge,restaurant,1,0,-1.2693796,36.8042363,Soi Restaurant,bbox
5339406605,Highridge,restaurant,1,0,-1.2663145,36.8040983,Clay Oven Restaurant,bbox
5339411313,Highridge,restaurant,1,0,-1.2658652,36.8048116,New JiangSu Restaurant,bbox
5339416304,Highridge,restaurant,1,0,-1.265009,36.8058531,SHANUZ BAR-BE-QUE,bbox
5339417232,Highridge,restaurant,1,0,-1.2641938,36.805744,Chef's Chicken,bbox
5339419522,Highridge,restaurant,1,0,-1.2574453,36.8117387,Taste of China Restaurant,bbox
5339427767,Highridge,restaurant,1,0,-1.2737035,36.8118563,Treehouse,bbox
5339427768,Highridge,restaurant,1,0,-1.2735587,36.8128083,Ebony Lounge,bbox
5339434977,Highridge,restaurant,1,0,-1.2697437,36.8096338,Obento Restaurant and Grill. Kenyan & Japanese Cuisine,bbox
5339443878,Highridge,restaurant,1,0,-1.269655,36.8075803,The Tav - Irish Bar And Restaurant,bbox
5339443902,Highridge,restaurant,1,0,-1.2688893,36.806374,Stavrose restaurant,bbox
5339467039,Highridge,restaurant,1,0,-1.2628598,36.8063656,Zar Restaurant,bbox
5340440630,Highridge,restaurant,1,0,-1.258433,36.801203,Ventana Restaurant,bbox
5340456252,Highridge,restaurant,1,0,-1.2568411,36.8030894,Urban Gourmet Burgerv - Westgate Mall,bbox
5340460867,Highridge,restaurant,1,0,-1.252298,36.7961022,Spice Lounge,bbox
5340460868,Highridge,restaurant,1,0,-1.2524326,36.7965329,Curry in a hurry,bbox
5340487778,Highridge,restaurant,1,0,-1.2484166,36.7988603,Mint Shack,bbox
5340488890,Highridge,restaurant,1,0,-1.2484269,36.8007966,Amaica Restaurant,bbox
5340496825,Highridge,restaurant,1,0,-1.243731,36.7927715,Peponi Springs,bbox
5340540121,Highridge,restaurant,1,0,-1.2632913,36.8048733,Sizzling Spice (S2),bbox
5340540122,Highridge,restaurant,1,0,-1.2638218,36.8052556,Ashiana Vegetarian Indian,bbox
5340542168,Highridge,restaurant,1,0,-1.2643214,36.8050702,Burger Hut Restaurant,bbox
5340542169,Highridge,restaurant,1,0,-1.2639606,36.8054715,Donuts World,bbox
5340542170,Highridge,restaurant,1,0,-1.2645788,36.8059438,Izaak Walton Inn,bbox
5340543936,Highridge,restaurant,1,0,-1.2622119,36.8024238,Sarabi Pool & Supper Club,bbox
5340548505,Highridge,restaurant,1,0,-1.2620146,36.8043919,Slush Coffee World,bbox
5340549356,Highridge,restaurant,1,0,-1.2588114,36.8056108,Ocean Basket,bbox
5340549664,Highridge,restaurant,1,0,-1.2585332,36.8059385,Big Square Oval,bbox
5340549739,Highridge,restaurant,1,0,-1.2588805,36.8054452,Artcaffe Oval,bbox
5340559080,Highridge,restaurant,1,0,-1.2531957,36.7984804,Asmara,bbox
5340590871,Highridge,restaurant,1,0,-1.2527646,36.8030622,About Thyme,bbox
5340597403,Highridge,restaurant,1,0,-1.2572152,36.8174714,AURA Restaurant,bbox
5340597419,Highridge,restaurant,1,0,-1.2579971,36.8185801,Diamond Plaza Food court,bbox
5340597724,Highridge,restaurant,1,0,-1.2548031,36.807557,Mystique Gardens,bbox
5340601650,Highridge,restaurant,1,0,-1.2595732,36.817768,Shabz Barbecue,bbox
5340908752,Highridge,restaurant,1,0,-1.2580796,36.8185207,Chowpaty Restaurant,bbox
5340914882,Highridge,restaurant,1,0,-1.2542368,36.8155075,Curry Flavors,bbox
5340921204,Highridge,restaurant,1,0,-1.2578058,36.8186134,Shangrila Restaurant,bbox
5340921261,Highridge,restaurant,1,0,-1.2590161,36.8190155,Java House Highridge,bbox
5340922903,Highridge,restaurant,1,0,-1.2599127,36.8188211,Chowpaty Restaurants,bbox
5340939006,Highridge,restaurant,1,0,-1.2613438,36.8221109,Retro Cafe,bbox
5340968833,Highridge,restaurant,1,0,-1.2658506,36.8183732,Uhuru Cafe,bbox
5340979326,Highridge,restaurant,1,0,-1.2598407,36.8234457,Legends Restaurant,bbox
5340987657,Highridge,restaurant,1,0,-1.2555752,36.8246124,Mwambao Road,bbox
5340994784,Highridge,restaurant,1,0,-1.2561356,36.8257593,Kutana Bar and Restaurant,bbox
5341078558,Highridge,restaurant,1,0,-1.2703746,36.8156625,Appletinni Bar & Restaurant,bbox
5341078560,Highridge,restaurant,1,0,-1.2703249,36.8161401,Mister Wok - Parklands,bbox
5349001058,Highridge,restaurant,1,0,-1.2498175,36.8207495,Shangrila,bbox
5353011126,Highridge,restaurant,1,0,-1.2613778,36.8042498,Mercado - Mexican Kitchen and Bar,bbox
5353011223,Highridge,restaurant,1,0,-1.2614358,36.8039685,Mediterraneo Restaurant,bbox
5353011225,Highridge,restaurant,1,0,-1.2611863,36.8043832,Food Train By SUSHI Soo,bbox
5353024597,Highridge,restaurant,1,0,-1.2713017,36.8089634,"Lucca Restaurant, Villa Rosa Kempinski",bbox
5353026687,Highridge,restaurant,1,0,-1.2714187,36.808746,Tambourin,bbox
5353026688,Highridge,restaurant,1,0,-1.2716595,36.8089568,Cafe Villa Rosa,bbox
5355439113,Highridge,restaurant,1,0,-1.266319,36.8020672,Nyama Mama,bbox
5356180165,Highridge,restaurant,1,0,-1.2590216,36.8135607,BAPS Shayona Restaurants,bbox
5360202696,Highridge,restaurant,1,0,-1.2608686,36.8011021,Planet Yogurt,bbox
5360202698,Highridge,restaurant,1,0,-1.2612506,36.802119,News Cafe Sarit Centre,bbox
5360202699,Highridge,restaurant,1,0,-1.2616898,36.8022624,Healthy U 2000 Ltd,bbox
5360202701,Highridge,restaurant,1,0,-1.2581305,36.814109,Planet Barbeque,bbox
5422902426,Highridge,restaurant,1,0,-1.2611623,36.8039697,Mayura,bbox
5429672003,Highridge,restaurant,1,0,-1.2618413,36.8126816,BAPS Shayona,bbox
5429695975,Highridge,restaurant,1,0,-1.2639267,36.809492,Open House Westlands,bbox
5429829767,Highridge,restaurant,1,0,-1.2590759,36.8263925,Mug n Bean,bbox
5440538412,Highridge,restaurant,1,0,-1.2724185,36.7934237,Argenti Restaurant and Lounge,bbox
5440688167,Highridge,restaurant,1,0,-1.2621806,36.7896504,Mangu Gardens,bbox
5444958295,Highridge,restaurant,1,0,-1.2645563,36.8028655,Haandi Restaurant Ltd,bbox
5445016577,Highridge,restaurant,1,0,-1.2572268,36.8029723,Oh Cha Noodle Bar,bbox
5445016578,Highridge,restaurant,1,0,-1.2590147,36.8066628,Whats On Restaurant Guide Kenya,bbox
5475006721,Highridge,restaurant,1,0,-1.2655028,36.8088076,Namaste India Restaurant,bbox
5509986418,Highridge,restaurant,1,0,-1.2609031,36.8045765,Mr. Yao,bbox
5525697917,Highridge,restaurant,1,0,-1.2678018,36.8113062,Bombay Indian Resturant & Night Club;GOAJO KENYA OFFICE,bbox
5525699039,Highridge,restaurant,1,0,-1.2693776,36.8095501,J Eatz Indian Restaurant,bbox
5539484597,Highridge,restaurant,1,0,-1.2656907,36.8117108,Swahili Dishes,bbox
5552251968,Highridge,restaurant,1,0,-1.2706779,36.802947,Secret Garden Restaurant,bbox
5580851584,Highridge,restaurant,1,0,-1.2598519,36.7966415,Nargis Restaurant,bbox
5580851585,Highridge,restaurant,1,0,-1.2592291,36.7943485,The Phoenician Restaurant,bbox
5580851586,Highridge,restaurant,1,0,-1.2563802,36.7895505,Villa Fothers,bbox
5580851601,Highridge,restaurant,1,0,-1.2580884,36.7886896,Sierra Burger And Wine Lounge,bbox
6081266872,Highridge,restaurant,1,0,-1.2623364,36.8023858,Graze Steakhouse,bbox
6140865920,Highridge,restaurant,1,0,-1.2542582,36.7925111,Spring Valley Oven,bbox
6171147705,Highridge,restaurant,1,0,-1.2713539,36.8119744,Migwi Farm Limited,bbox
6171147760,Highridge,restaurant,1,0,-1.2691318,36.8099038,Indigo Spice,bbox
6171147772,Highridge,restaurant,1,0,-1.2653582,36.806472,Milan Pan House,bbox
6171147773,Highridge,restaurant,1,0,-1.2654218,36.8065881,Ismailia Restaurant,bbox
6174266754,Highridge,restaurant,1,0,-1.2626794,36.8038886,Mama Rocks Gourmet Burgers @ The Yard (AKA The Alchemist Bar),bbox
6174266757,Highridge,restaurant,1,0,-1.2589055,36.8022191,Sparkle Cafe,bbox
6225448061,Highridge,restaurant,1,0,-1.2606927,36.8034384,Melanin Club,bbox
6249399785,Highridge,restaurant,1,0,-1.2664546,36.7994402,Seventoeight,bbox
6257370193,Highridge,restaurant,1,0,-1.2574127,36.8092596,Lemon Lounge Ltd,bbox
6360247958,Highridge,restaurant,1,0,-1.2698193,36.7973459,Le Grenier à Pain,bbox
6400210156,Highridge,restaurant,1,0,-1.2636016,36.8024474,Gyros 2 Go,bbox
6583913338,Highridge,restaurant,1,0,-1.2581577,36.7887123,Mambo Italia,bbox
6830633590,Highridge,restaurant,1,0,-1.2652587,36.8017919,Inti,bbox
6830633591,Highridge,restaurant,1,0,-1.2653544,36.8019031,Honey & Dough,bbox
6969796985,Highridge,restaurant,1,0,-1.2628527,36.8058605,Zar,bbox
7375412569,Highridge,restaurant,1,0,-1.2623995,36.8006975,"The Node, Westlands, Nairobi",bbox
8168038677,Highridge,restaurant,1,0,-1.2588676,36.8043132,Mumbai Grill,bbox
9240794517,Highridge,restaurant,1,0,-1.2657674,36.7988937,Kilele Nyama,bbox
9556197718,Highridge,restaurant,1,0,-1.2582367,36.8142543,Bhagwanji,bbox
9718089617,Highridge,restaurant,1,0,-1.2654934,36.8043092,Nairobi Street Kitchen,bbox
9853100433,Highridge,restaurant,1,0,-1.2629331,36.7961219,Osiepe Foods,bbox
9915122617,Highridge,restaurant,1,0,-1.2407146,36.78736,ANKOLE,bbox
10271787209,Highridge,restaurant,1,0,-1.250204,36.7899578,Bao Box,bbox
10902369006,Highridge,restaurant,1,0,-1.2632571,36.8065036,Soul vegetarian,bbox
11175431419,Highridge,restaurant,1,0,-1.2672066,36.7999666,Escada Restaurant,bbox
11215526639,Highridge,restaurant,1,0,-1.271496,36.803699,Chiromo mess,bbox
11370972616,Highridge,restaurant,1,0,-1.2603057,36.8029535,Golden Eagle Spur,bbox
11399773289,Highridge,restaurant,1,0,-1.263548,36.8018617,Artcaffe Gastro Bar,bbox
11414546927,Highridge,restaurant,1,0,-1.2640521,36.8032068,marhaba,bbox
11953858747,Highridge,restaurant,1,0,-1.2640616,36.8039366,Irish Delicacies,bbox
12155264479,Highridge,restaurant,1,0,-1.2751621,36.8219505,Menya Ciaku Fish Bay,bbox
12155264484,Highridge,restaurant,1,0,-1.2752011,36.8220913,Spicy Butchery,bbox
12162018001,Highridge,restaurant,1,0,-1.2498396,36.790358,Bao Box,bbox
12168600343,Highridge,restaurant,1,0,-1.2748875,36.8211853,Bahati Food,bbox
12180426164,Highridge,restaurant,1,0,-1.2755073,36.8137244,Boulevard,bbox
12533657822,Highridge,restaurant,1,0,-1.2574063,36.8007862,Trunk And Tandoor,bbox
12539376931,Highridge,restaurant,1,0,-1.2576445,36.8006631,Gemma's,bbox
12762244190,Highridge,restaurant,1,0,-1.2667913,36.7999721,270 degrees,bbox
13048506845,Highridge,restaurant,1,0,-1.2570749,36.802739,The Grill Snack,bbox
13149603716,Highridge,restaurant,1,0,-1.2509882,36.7937302,Sandhya’s kitchen,bbox
13174910395,Highridge,restaurant,1,0,-1.2588514,36.8026209,Queen Deli,bbox
13860792059,Highridge,restaurant,1,0,-1.2504958,36.803966,A Bit Of Everything - ABOE,bbox
13953629401,Highridge,restaurant,1,0,-1.2581443,36.8054453,The Perch,bbox
5352749891,Highridge,salon,2,0,-1.2360762,36.792564,Revitalize Wellness Center at New Muthaiga,bbox
6768615260,Highridge,salon,2,0,-1.2754509,36.8230533,Blue Isle Salon,bbox
30324343,Highridge,supermarket,1,0,-1.2609034,36.8018312,Carrefour,bbox
494772725,Highridge,supermarket,1,0,-1.2593846,36.8178663,Chandarana Food Plus Supermarket Ltd.,bbox
597647390,Highridge,supermarket,1,0,-1.2499888,36.8202489,Onn The Way Supermarket Muthaiga,bbox
2682435033,Highridge,supermarket,1,0,-1.2595581,36.8164249,,bbox
2705291183,Highridge,supermarket,1,0,-1.2485671,36.7973605,Double Touch,bbox
5328489329,Highridge,supermarket,1,0,-1.2647994,36.802732,Naivas,bbox
5339423498,Highridge,supermarket,1,0,-1.2704697,36.8117014,Fruity Fruits,bbox
5340939007,Highridge,supermarket,1,0,-1.2610898,36.8214404,Highridge Superduka,bbox
5340979321,Highridge,supermarket,1,0,-1.2627049,36.824075,Tuskys Agakhan,bbox
5343809421,Highridge,supermarket,1,0,-1.2729908,36.8189504,Broadline Supermarket,bbox
5349001060,Highridge,supermarket,1,0,-1.2499124,36.8203818,Muthaiga Mini Market,bbox
5352466007,Highridge,supermarket,1,0,-1.2640185,36.802103,QuickMart,bbox
5539620101,Highridge,supermarket,1,0,-1.2733518,36.8175947,Nilkanth General Supermarket,bbox
6171147716,Highridge,supermarket,1,0,-1.2705182,36.8118184,Chiknik Distributors,bbox
7341263969,Highridge,supermarket,1,0,-1.2583562,36.8184573,Chandarana Food Plus Supermarket Ltd.,bbox
11370972617,Highridge,supermarket,1,0,-1.2566613,36.802824,Carrefour,bbox
11383402150,Highridge,supermarket,1,0,-1.2689322,36.7893777,Chandarana Foodplus Riverside Square,bbox
12842838078,Highridge,supermarket,1,0,-1.2644313,36.7877097,Chandarana market,bbox
13059881904,Highridge,supermarket,1,0,-1.2749836,36.7947583,Jaza supermarket,bbox
14075201763,Highridge,supermarket,1,0,-1.2359746,36.8071193,Onn the Way,bbox
1123193247,Huruma,hairdresser,1,0,-1.2577566,36.8672985,Equator School of hairdressing,bbox
1123201174,Huruma,hardware,1,0,-1.259159,36.8687569,Kinyonga agencies,bbox
1123193245,Huruma,kiosk,2,0,-1.2577644,36.8681439,Nyar Mumbo poshomill,bbox
1123193412,Huruma,kiosk,2,0,-1.2607013,36.8666404,New Bethsaida cafe,bbox
1123201172,Huruma,kiosk,2,0,-1.2574448,36.8693086,Express posho millers,bbox
1103092191,Huruma,pharmacy,1,0,-1.2601312,36.8646522,,bbox
1103092466,Huruma,pharmacy,1,0,-1.2599385,36.864724,Kim's Pharmacy,bbox
1123201086,Huruma,pharmacy,1,0,-1.2575008,36.8691087,Amani Chemist,bbox
1123201133,Huruma,pharmacy,1,0,-1.2575181,36.869002,Transmax chemist,bbox
1124602228,Huruma,pharmacy,1,0,-1.2588895,36.8644632,Late night chemist,bbox
2378763919,Huruma,pharmacy,1,0,-1.2575319,36.8692664,Deslan chemist,bbox
2378763923,Huruma,pharmacy,1,0,-1.2575886,36.8689412,HYPX MEDICARE/CHEMIST,bbox
2378763929,Huruma,pharmacy,1,0,-1.2576312,36.8691152,TRANSMAX HEALTHCARE,bbox
2378857067,Huruma,pharmacy,1,0,-1.2599379,36.8647674,Benakim chemist,bbox
2378857095,Huruma,pharmacy,1,0,-1.260344,36.8644588,Giant Foundation Heath Service Chemist,bbox
2378857098,Huruma,pharmacy,1,0,-1.2589601,36.8645038,Patriot chemist,bbox
2378857100,Huruma,pharmacy,1,0,-1.2601979,36.8646842,Pharm care chemist,bbox
2378857107,Huruma,pharmacy,1,0,-1.2595599,36.8645767,Ubora harbal chemist,bbox
2385083676,Huruma,pharmacy,1,0,-1.2588022,36.8647768,Cordial medical clinic,bbox
2385083681,Huruma,pharmacy,1,0,-1.2604786,36.8656663,Rocks medical clinic,bbox
2385083682,Huruma,pharmacy,1,0,-1.2604644,36.867037,Urifold clinic,bbox
8032765486,Huruma,pharmacy,1,0,-1.2595449,36.864615,Likened,bbox
8032765585,Huruma,pharmacy,1,0,-1.2595187,36.8645992,Valley,bbox
1123193272,Huruma,restaurant,1,0,-1.2591815,36.8670231,Dallas Bar and Restaurant Musyi,bbox
1123193275,Huruma,restaurant,1,0,-1.2608817,36.8667027,Huruma Meat Point,bbox
1124602216,Huruma,restaurant,1,0,-1.2588761,36.8664307,J.K Mbuthia house,bbox
1124602258,Huruma,restaurant,1,0,-1.2586515,36.8659197,"Thiong,o bar and resturant",bbox
1103092329,Huruma,supermarket,1,0,-1.2591697,36.8643283,Sayun supermarket,bbox
1111451119,Huruma,supermarket,1,0,-1.2594364,36.8687929,Mini price supermarket,bbox
1123193374,Huruma,supermarket,1,0,-1.260743,36.8669617,Sayuni Supermarket Equity Agent,bbox
1123193376,Huruma,supermarket,1,0,-1.2579113,36.8672641,Economy Supermarket,bbox
1123193415,Huruma,supermarket,1,0,-1.2589225,36.8669435,Osaka Supšermarket Store,bbox
1123201095,Huruma,supermarket,1,0,-1.2588628,36.8688171,Smart choice supermarket,bbox
1124602200,Huruma,supermarket,1,0,-1.2600652,36.865084,Gladys supermarket,bbox
1124602225,Huruma,supermarket,1,0,-1.2598626,36.8650075,Centaline Supermarket,bbox
5333185202,Kangemi,fast_food,2,0,-1.2784812,36.7697604,Big Square Lavington,bbox
6131057612,Kangemi,fast_food,2,0,-1.2792179,36.7705728,KFC,bbox
6877421585,Kangemi,fast_food,2,0,-1.2527285,36.7541072,corn lady,bbox
8193801355,Kangemi,fast_food,2,0,-1.2766725,36.7714008,Big Square,bbox
8811365317,Kangemi,greengrocer,2,0,-1.2868883,36.7453617,Cereal shop,bbox
10797193042,Kangemi,greengrocer,2,0,-1.2796484,36.7690842,Beyond Fruits,bbox
5339116167,Kangemi,hardware,1,0,-1.279914,36.7699233,Crown Paints Distributor-Tofina Rom Builders Ltd,bbox
13460790979,Kangemi,hardware,1,0,-1.2851442,36.7442206,Gees Spares e Parts,bbox
5339103764,Kangemi,pharmacy,1,0,-1.2847453,36.7597235,Patan Chemist,bbox
5580878322,Kangemi,pharmacy,1,0,-1.2652235,36.7410973,Goodlife Pharmacy,bbox
8047604833,Kangemi,pharmacy,1,0,-1.2861083,36.7453183,Margjallean Pharmaceuticals,bbox
8074036733,Kangemi,pharmacy,1,0,-1.2813624,36.7546133,Chemist,bbox
8074036734,Kangemi,pharmacy,1,0,-1.2798527,36.7557606,chemist,bbox
8074036739,Kangemi,pharmacy,1,0,-1.2854983,36.759075,Jemamed Pharmacy,bbox
8074036750,Kangemi,pharmacy,1,0,-1.279876,36.7561716,St Ann's,bbox
8074036753,Kangemi,pharmacy,1,0,-1.2769231,36.7586322,Joy Enterprise,bbox
8074036754,Kangemi,pharmacy,1,0,-1.2850167,36.75449,Chemist,bbox
8074036756,Kangemi,pharmacy,1,0,-1.2859417,36.7455933,Philmed Pharmacy Chemist,bbox
8074036757,Kangemi,pharmacy,1,0,-1.2861017,36.74566,Titan Chemist,bbox
8074036758,Kangemi,pharmacy,1,0,-1.2861117,36.7457367,Salama Pharmaceutical ltd,bbox
8074036760,Kangemi,pharmacy,1,0,-1.2867433,36.747105,Njimia Pharmaceutical ltd,bbox
8074036761,Kangemi,pharmacy,1,0,-1.2861197,36.7455172,Clinic,bbox
8074036762,Kangemi,pharmacy,1,0,-1.2860219,36.7453599,Clinic,bbox
8074036763,Kangemi,pharmacy,1,0,-1.286208,36.7455573,Dispensing,bbox
8074036764,Kangemi,pharmacy,1,0,-1.2860886,36.745534,Philimed,bbox
8074036765,Kangemi,pharmacy,1,0,-1.2862225,36.7458051,Salama,bbox
8074036767,Kangemi,pharmacy,1,0,-1.2873133,36.7481183,Simama Chemist,bbox
8074036769,Kangemi,pharmacy,1,0,-1.2764326,36.7552448,Umoja Med,bbox
8074036770,Kangemi,pharmacy,1,0,-1.2772401,36.7535615,Ponyesha Chemist,bbox
8074036773,Kangemi,pharmacy,1,0,-1.2813256,36.742722,Bare Chemist,bbox
8074036775,Kangemi,pharmacy,1,0,-1.2780324,36.7508051,Steowa,bbox
8074036777,Kangemi,pharmacy,1,0,-1.2877095,36.7493544,Chemist,bbox
8074036778,Kangemi,pharmacy,1,0,-1.2874717,36.7486103,Chemist,bbox
8074036779,Kangemi,pharmacy,1,0,-1.2875983,36.7491717,Late Night Chemist,bbox
8074036780,Kangemi,pharmacy,1,0,-1.2782753,36.7508051,Ponachem,bbox
8074036781,Kangemi,pharmacy,1,0,-1.287585,36.7485983,Chemist and Beauty Shop,bbox
8074036787,Kangemi,pharmacy,1,0,-1.2822428,36.7508984,Chemist,bbox
8074036790,Kangemi,pharmacy,1,0,-1.2852417,36.7533317,Duka LA Dawa,bbox
8074036791,Kangemi,pharmacy,1,0,-1.2872266,36.7534197,Clinic,bbox
8074036792,Kangemi,pharmacy,1,0,-1.2860267,36.7564717,Keystone Pharmacy,bbox
8074036793,Kangemi,pharmacy,1,0,-1.2867517,36.7414083,Assurelab,bbox
8074036794,Kangemi,pharmacy,1,0,-1.2842233,36.7423383,Janjay Chemists,bbox
8074036795,Kangemi,pharmacy,1,0,-1.28615,36.7408383,Mumblink,bbox
8074036796,Kangemi,pharmacy,1,0,-1.2758153,36.7623081,Mac Olben,bbox
8074036797,Kangemi,pharmacy,1,0,-1.2828684,36.7431827,Jomu Pharmaceutical,bbox
8074036798,Kangemi,pharmacy,1,0,-1.2839283,36.7583167,Pylot,bbox
8074036799,Kangemi,pharmacy,1,0,-1.2825143,36.7456122,,bbox
8074036800,Kangemi,pharmacy,1,0,-1.2821548,36.7533003,Larmar,bbox
8074036805,Kangemi,pharmacy,1,0,-1.2877983,36.7493567,Naftali Chemist,bbox
10797199726,Kangemi,pharmacy,1,0,-1.2795452,36.7691925,PharmaPlus,bbox
13460756709,Kangemi,pharmacy,1,0,-1.2846908,36.7434159,SunnyBrook Healcare Center,bbox
13460812448,Kangemi,pharmacy,1,0,-1.285688,36.7448693,Salama Chemest - Phamaceuticals,bbox
4789983224,Kangemi,restaurant,1,0,-1.2813722,36.7690626,Tokyo Restaurant,bbox
5333185204,Kangemi,restaurant,1,0,-1.2782442,36.7694325,Mambo Italia,bbox
5333185205,Kangemi,restaurant,1,0,-1.2781731,36.7693226,Adega Kenya,bbox
5333189065,Kangemi,restaurant,1,0,-1.2767559,36.7681581,Peri-peri grill,bbox
5333318303,Kangemi,restaurant,1,0,-1.2854862,36.7627378,Toranj Restaurant,bbox
5333319731,Kangemi,restaurant,1,0,-1.286289,36.7623349,910 James Gichuru,bbox
5334827411,Kangemi,restaurant,1,0,-1.2847219,36.771901,CHEKAFE Japanese Izakaya,bbox
5339116165,Kangemi,restaurant,1,0,-1.2800259,36.7697367,Artcaffe Lavington,bbox
5339286100,Kangemi,restaurant,1,0,-1.2867121,36.7716574,Captain Grill,bbox
5429879270,Kangemi,restaurant,1,0,-1.251967,36.7565588,Wasp & Sprout,bbox
5580872762,Kangemi,restaurant,1,0,-1.2622619,36.7418818,The Airbus Lounge,bbox
6131057614,Kangemi,restaurant,1,0,-1.2793359,36.7705407,Java House Lavington,bbox
6141845873,Kangemi,restaurant,1,0,-1.2798369,36.7698076,D's Place,bbox
6141845874,Kangemi,restaurant,1,0,-1.2800526,36.7701534,"Saape Lounge, Lavington",bbox
6141845875,Kangemi,restaurant,1,0,-1.2808697,36.7692314,"vida e caffe, St. Austins",bbox
6141845876,Kangemi,restaurant,1,0,-1.2802599,36.7706249,Stack & Squeeze,bbox
6141848488,Kangemi,restaurant,1,0,-1.285308,36.7604913,Bongene Restaurant,bbox
6141848513,Kangemi,restaurant,1,0,-1.2841925,36.7645933,Mummydada's Nigerian Restaurant,bbox
6141848539,Kangemi,restaurant,1,0,-1.2860213,36.7619825,Le Palanka Pan-African Restaurant,bbox
6744458698,Kangemi,restaurant,1,0,-1.2504153,36.7427712,The Shamba,bbox
7246804685,Kangemi,restaurant,1,0,-1.2645979,36.7495995,Tais Chicken,bbox
7705686247,Kangemi,restaurant,1,0,-1.2515347,36.756631,BBQ pit,bbox
9861955531,Kangemi,restaurant,1,0,-1.2650224,36.7405679,Big Square,bbox
10992430305,Kangemi,restaurant,1,0,-1.2820678,36.7664316,Crafty Chameleon,bbox
5330949488,Kangemi,supermarket,1,0,-1.2802139,36.7704244,Chandarana Foodplus Supermarket (Lavington Branch),bbox
5333304037,Kangemi,supermarket,1,0,-1.2836202,36.7587244,Village Supermarket,bbox
5580938676,Kangemi,supermarket,1,0,-1.2682273,36.7537694,Bottom Line Supermarket,bbox
8237558559,Kangemi,supermarket,1,0,-1.2636307,36.7634333,QuickMart,bbox
8764023888,Kangemi,supermarket,1,0,-1.2871983,36.7452767,Walmart Supermarket,bbox
10314763993,Kangemi,supermarket,1,0,-1.2655723,36.7409082,Naivas,bbox
10971311231,Kangemi,supermarket,1,0,-1.2831641,36.7369888,Naivas,bbox
5356740860,Karen,clothes,1,0,-1.3193392,36.7181009,Abc Tents,bbox
5353042844,Karen,fast_food,2,0,-1.3209475,36.7037549,Subway,bbox
5353042847,Karen,fast_food,2,0,-1.319875,36.7041538,KFC,bbox
5360808503,Karen,fast_food,2,0,-1.3226967,36.7072475,Mc Frys - Karen,bbox
6161802685,Karen,fast_food,2,0,-1.3210243,36.7041312,Burger King,bbox
2454254047,Karen,greengrocer,2,0,-1.3191481,36.715675,kalimoni Greens,bbox
6142096652,Karen,greengrocer,2,0,-1.320223,36.704117,Zucchini The Hub Karen,bbox
5356726942,Karen,hardware,1,0,-1.3158815,36.7192444,Chettah Builders And Renovators (Hardware) Ltd.,bbox
5360778411,Karen,pharmacy,1,0,-1.3225795,36.7083993,Goodlife Shell Karen,bbox
13992683721,Karen,pharmacy,1,0,-1.3291152,36.6877972,,bbox
30092128,Karen,restaurant,1,0,-1.3289322,36.7125438,Nairobi Bread Company,bbox
521103953,Karen,restaurant,1,0,-1.3230815,36.7031939,Talisman,bbox
583157835,Karen,restaurant,1,0,-1.327654,36.717338,Karen Professional Centre,bbox
703562779,Karen,restaurant,1,0,-1.323886,36.701223,Osteria,bbox
714721592,Karen,restaurant,1,0,-1.3186635,36.7164392,Saitotis,bbox
1078542342,Karen,restaurant,1,0,-1.3456516,36.7137072,Karen Blixen Coffee House,bbox
2511455581,Karen,restaurant,1,0,-1.3229326,36.707348,Trojan Health and Fitness Gym;Big Square - Karen Square,bbox
2511456239,Karen,restaurant,1,0,-1.3183097,36.7157487,Dari Restaurant,bbox
3519591082,Karen,restaurant,1,0,-1.3230498,36.7065014,Que Pasa,bbox
4826704228,Karen,restaurant,1,0,-1.322538,36.7024871,Asmara,bbox
5353042839,Karen,restaurant,1,0,-1.3199664,36.7033202,Mister Wok Chinese Restaurant,bbox
5353042840,Karen,restaurant,1,0,-1.3197883,36.7038057,The Mayura,bbox
5353042841,Karen,restaurant,1,0,-1.3196422,36.7033438,Picazzo Restaurant Bar and Lounge,bbox
5353042843,Karen,restaurant,1,0,-1.3203923,36.7033547,"Just Wing It, The Hub Karen",bbox
5353042849,Karen,restaurant,1,0,-1.3207966,36.703975,Ocean Basket,bbox
5353042850,Karen,restaurant,1,0,-1.3200746,36.7043909,Eagle Peak Spur,bbox
5353042851,Karen,restaurant,1,0,-1.3197829,36.7031057,Roast by Carnivore,bbox
5356773894,Karen,restaurant,1,0,-1.3256681,36.7179602,Shavana's Bar & Grill,bbox
5356814563,Karen,restaurant,1,0,-1.3274336,36.7175517,Haru,bbox
5356814564,Karen,restaurant,1,0,-1.327222,36.7176529,Spoilers Lounge,bbox
5356814566,Karen,restaurant,1,0,-1.3271484,36.7174413,Graceful Chinese Restaurant,bbox
5356821146,Karen,restaurant,1,0,-1.3291308,36.7188721,Jambo Peeps Burgers & Shawarma,bbox
5356833200,Karen,restaurant,1,0,-1.336586,36.7135032,Acacia Tree Lodge,bbox
5356833201,Karen,restaurant,1,0,-1.3365571,36.7122423,Under the Swahili Tree,bbox
5360683971,Karen,restaurant,1,0,-1.3184523,36.7164563,Ridgeviews Leisure Garden (Karen),bbox
5360683975,Karen,restaurant,1,0,-1.3199552,36.7146193,Calabash,bbox
5360683977,Karen,restaurant,1,0,-1.3201867,36.7144493,Js Fresh Bar & Kitchen,bbox
5360683984,Karen,restaurant,1,0,-1.3211114,36.7087252,The Grassy Knoll,bbox
5360683985,Karen,restaurant,1,0,-1.3212121,36.7094417,Reminisce Karen Krave,bbox
5360683986,Karen,restaurant,1,0,-1.3205699,36.7093823,Bracy Farm,bbox
5360784471,Karen,restaurant,1,0,-1.3232277,36.7065597,Sofis Deli And Company,bbox
5360808423,Karen,restaurant,1,0,-1.3241445,36.7075675,Open House Karen,bbox
5360833799,Karen,restaurant,1,0,-1.3251676,36.7093863,Salt & Pepper Restaurant,bbox
5360938777,Karen,restaurant,1,0,-1.3384266,36.7233311,Brioche Cafe-Bistro,bbox
6142096650,Karen,restaurant,1,0,-1.3199689,36.7035877,La cascina Restaurant,bbox
6142149974,Karen,restaurant,1,0,-1.3171849,36.7182965,Amicus Lounge and Grill,bbox
6142149981,Karen,restaurant,1,0,-1.3178264,36.7172422,Sunvalley Wines and Restaurant,bbox
6142152824,Karen,restaurant,1,0,-1.3210884,36.7096225,Club Legend Karen,bbox
6515023385,Karen,restaurant,1,0,-1.3174986,36.7039175,Tin Roof Café,bbox
6830809538,Karen,restaurant,1,0,-1.3450192,36.7140551,Tamabo Karen Blixen,bbox
6830809539,Karen,restaurant,1,0,-1.3294607,36.7146634,CJ's,bbox
6830836922,Karen,restaurant,1,0,-1.3300237,36.7144918,Panarottis Kenya,bbox
8916714755,Karen,restaurant,1,0,-1.3231074,36.7068856,SPASSO RESTAURANT & LOUNGE,bbox
8919752672,Karen,restaurant,1,0,-1.3206939,36.7041836,Eagle Peak Spur Steak Ranc,bbox
10174369858,Karen,restaurant,1,0,-1.3175164,36.7037746,Mama Rocks,bbox
11711795483,Karen,restaurant,1,0,-1.3145801,36.7182304,Matteos Italian Restaurant,bbox
5356824865,Karen,salon,2,0,-1.329232,36.7199119,Salmer Fitness Centre Salon and Barber Shop,bbox
5360808422,Karen,salon,2,0,-1.3234738,36.7070536,Nothing Like It Spa,bbox
3519591083,Karen,supermarket,1,0,-1.3233844,36.7070292,Karen Provisions Store (KPS),bbox
4348537821,Karen,supermarket,1,0,-1.3209012,36.7043116,Carrefour,bbox
5360807820,Karen,supermarket,1,0,-1.323348,36.7068445,Chandarana Food Plus Supermarkets Ltd.,bbox
5464900571,Karen,supermarket,1,0,-1.3288435,36.717518,Mend-A-Bath Kenya Ltd,bbox
7169519863,Karen,supermarket,1,0,-1.3205663,36.703824,Carrefour,bbox
11449581647,Karen,supermarket,1,0,-1.3302508,36.7146698,Naivas,bbox
2306253588,Kariobangi North,clothes,1,0,-1.2549388,36.8732104,WA JOHN,bbox
2306253589,Kariobangi North,clothes,1,0,-1.2551794,36.8733109,WA JOHN,bbox
2306253590,Kariobangi North,clothes,1,0,-1.2553955,36.8733946,WA JOHN,bbox
2306253591,Kariobangi North,clothes,1,0,-1.2554964,36.8734357,WA JOHN,bbox
2306253593,Kariobangi North,clothes,1,0,-1.2557303,36.8734202,WA JOHN,bbox
2389266159,Kariobangi North,clothes,1,0,-1.2581705,36.875381,,bbox
2405885974,Kariobangi North,clothes,1,0,-1.247808,36.8833322,Dress Making,bbox
12244005198,Kariobangi North,clothes,1,0,-1.2553637,36.8864832,Carol fashion and design,bbox
12244024007,Kariobangi North,clothes,1,0,-1.2511863,36.8881776,Seventy seven,bbox
13355018514,Kariobangi North,fast_food,2,0,-1.2531351,36.8726445,Kibanda,bbox
13355039520,Kariobangi North,fast_food,2,0,-1.2529063,36.8723007,Samosa shop,bbox
13355052647,Kariobangi North,fast_food,2,0,-1.2530964,36.8723016,Kwa mathe quick food,bbox
13355092442,Kariobangi North,fast_food,2,0,-1.2525237,36.8724895,chapati place,bbox
13354994691,Kariobangi North,greengrocer,2,0,-1.2534949,36.8724164,J&C Posho Mill,bbox
13355051353,Kariobangi North,greengrocer,2,0,-1.2517897,36.874133,Multigrain miller,bbox
1123209320,Kariobangi North,hairdresser,1,0,-1.2569107,36.8740752,Fabulous Salon,bbox
2405885965,Kariobangi North,hairdresser,1,0,-1.2467314,36.8845969,Beauty Shop,bbox
2405885970,Kariobangi North,hairdresser,1,0,-1.2479103,36.8862787,Classic Hair Salon,bbox
12243480909,Kariobangi North,hairdresser,1,0,-1.2530181,36.8885035,Mung'etho kinyozi,bbox
12243480910,Kariobangi North,hairdresser,1,0,-1.2527703,36.8888892,JJ haircuts,bbox
12243480911,Kariobangi North,hairdresser,1,0,-1.251462,36.8878726,Bigie babaz,bbox
12244024005,Kariobangi North,hairdresser,1,0,-1.253154,36.8883266,Joy beauty and cosmetics,bbox
12244024008,Kariobangi North,hairdresser,1,0,-1.2519045,36.8881211,Githaiga barber shop,bbox
13355030548,Kariobangi North,hairdresser,1,0,-1.2528693,36.8731253,Nancy salon,bbox
1123209322,Kariobangi North,hardware,1,0,-1.2553147,36.8783762,Hasa Traders,bbox
1111566364,Kariobangi North,kiosk,2,0,-1.2547701,36.875481,Oda Hotel,bbox
1111566419,Kariobangi North,kiosk,2,0,-1.2556077,36.8756071,VILLAGE DAIRY MILK,bbox
1123209294,Kariobangi North,kiosk,2,0,-1.255436,36.8781359,Taqwa Hotel,bbox
1123209332,Kariobangi North,kiosk,2,0,-1.2540737,36.8769507,Super Cutz Kinyonzi,bbox
2405854920,Kariobangi North,kiosk,2,0,-1.2477592,36.8796369,Mama dan shop,bbox
2405854926,Kariobangi North,kiosk,2,0,-1.246361,36.8786235,Sawa shop,bbox
2405883332,Kariobangi North,kiosk,2,0,-1.2433066,36.8911616,Babadogo kiosk,bbox
2405885980,Kariobangi North,kiosk,2,0,-1.2482094,36.8855967,Faith Heritage Dairy,bbox
13355003233,Kariobangi North,kiosk,2,0,-1.2530907,36.8724112,Kibandaski,bbox
13355052191,Kariobangi North,kiosk,2,0,-1.2527369,36.8723257,Kibandaski,bbox
1111566296,Kariobangi North,pharmacy,1,0,-1.2568688,36.8755944,Life Care Chemist,bbox
1111566368,Kariobangi North,pharmacy,1,0,-1.257507,36.8744569,Dispensing Chemist,bbox
1111566426,Kariobangi North,pharmacy,1,0,-1.2555289,36.876015,MEDINA CHEMIST,bbox
1123209250,Kariobangi North,pharmacy,1,0,-1.2542863,36.8763409,Dawaline Pharmacy,bbox
2388299294,Kariobangi North,pharmacy,1,0,-1.2542673,36.8745588,Deli,bbox
2388299297,Kariobangi North,pharmacy,1,0,-1.2551859,36.8734102,Drugpot dispensing chemist,bbox
2405885993,Kariobangi North,pharmacy,1,0,-1.2476122,36.8832817,Lifecode Medical services,bbox
2405886003,Kariobangi North,pharmacy,1,0,-1.2473833,36.8863667,St. Luke Chemist and Medical Clinic,bbox
8891844998,Kariobangi North,pharmacy,1,0,-1.2468189,36.8914208,Gonga Njaa,bbox
8891845000,Kariobangi North,pharmacy,1,0,-1.25461,36.8873,Chemist,bbox
8891845001,Kariobangi North,pharmacy,1,0,-1.25581,36.8865,Chemist,bbox
8891845002,Kariobangi North,pharmacy,1,0,-1.25608,36.8862,Kwa Mary,bbox
8891845003,Kariobangi North,pharmacy,1,0,-1.2491,36.8912,Baraka Chemist,bbox
8963037626,Kariobangi North,pharmacy,1,0,-1.2530123,36.8848266,Blossom chemist,bbox
8963037627,Kariobangi North,pharmacy,1,0,-1.2598489,36.890421,Jerusalem in Dandora,bbox
8963037628,Kariobangi North,pharmacy,1,0,-1.2526739,36.8858407,Bluerace Chemist,bbox
12243233630,Kariobangi North,pharmacy,1,0,-1.2510119,36.8883891,Mickey,bbox
12243233631,Kariobangi North,pharmacy,1,0,-1.2512752,36.8902045,Chemist,bbox
12243233632,Kariobangi North,pharmacy,1,0,-1.2511011,36.8909499,MK Chemist,bbox
1038219147,Kariobangi North,restaurant,1,0,-1.2527996,36.8722244,,bbox
2330383399,Kariobangi North,restaurant,1,0,-1.2476562,36.8736325,Embeut Fish & Chips,bbox
2330383400,Kariobangi North,restaurant,1,0,-1.248015,36.8729624,Joint kwetu bar and restaurant,bbox
12243583400,Kariobangi North,restaurant,1,0,-1.2556328,36.8876285,Kwa mama chapo,bbox
12243613701,Kariobangi North,restaurant,1,0,-1.2469032,36.8910075,Gonga njaa police canteen,bbox
12243613702,Kariobangi North,restaurant,1,0,-1.2548909,36.8868173,New wendani cool base,bbox
12243613703,Kariobangi North,restaurant,1,0,-1.2556197,36.8862551,Kwa were food kiosk,bbox
12243613704,Kariobangi North,restaurant,1,0,-1.2530941,36.8884015,New Ebenezer hotel,bbox
12243613705,Kariobangi North,restaurant,1,0,-1.2558643,36.8860812,Shalom blessing cafe,bbox
12243613706,Kariobangi North,restaurant,1,0,-1.2541647,36.8876282,Barikiwa cafe,bbox
1038219170,Kariobangi North,supermarket,1,0,-1.2506534,36.873971,Lucky Star super market,bbox
1111451075,Kariobangi North,supermarket,1,0,-1.2565217,36.8737266,MultyShoppers Supermarket,bbox
1111566404,Kariobangi North,supermarket,1,0,-1.2563541,36.8730578,Ngei 1 Super market,bbox
1111587206,Kariobangi North,supermarket,1,0,-1.2505325,36.8763456,Smart Choice,bbox
2405829029,Kariobangi North,supermarket,1,0,-1.244272,36.8885053,Mini price supermarket,bbox
2405854925,Kariobangi North,supermarket,1,0,-1.246407,36.8789364,Riverside supermarket,bbox
2405885984,Kariobangi North,supermarket,1,0,-1.2474314,36.8843279,Jovena Mini Market,bbox
4793984321,Kariobangi North,supermarket,1,0,-1.2476349,36.8726223,Naivas Ruaraka,bbox
13355081686,Kariobangi North,supermarket,1,0,-1.2521173,36.8724809,ELREY WHOLESALE,bbox
13355086428,Kariobangi North,supermarket,1,0,-1.2524968,36.872277,Sabina supermarket,bbox
2405883335,Kasarani,clothes,1,0,-1.2437696,36.891903,Down wast shop,area
2405883340,Kasarani,clothes,1,0,-1.2407199,36.8982148,Mama akoth shop,area
2405883343,Kasarani,clothes,1,0,-1.2423857,36.8930834,Nyando shop,area
2405883349,Kasarani,clothes,1,0,-1.2407602,36.8945008,Tummy general shop,area
2405885974,Kasarani,clothes,1,0,-1.247808,36.8833322,Dress Making,area
6826671308,Kasarani,clothes,1,0,-1.2231253,36.910496,Think Twice,area
6847249042,Kasarani,clothes,1,0,-1.2422525,36.8721015,United Aryan Epz Ltd,area
12244005198,Kasarani,clothes,1,0,-1.2553637,36.8864832,Carol fashion and design,area
12244024007,Kasarani,clothes,1,0,-1.2511863,36.8881776,Seventy seven,area
1717370738,Kasarani,fast_food,2,0,-1.1798051,36.9292422,,area
5466731594,Kasarani,fast_food,2,0,-1.2497309,36.8609961,KFC,area
6224915424,Kasarani,fast_food,2,0,-1.2198986,36.8891675,Galito's,area
6224915434,Kasarani,fast_food,2,0,-1.2194202,36.8880063,Subway,area
6224915435,Kasarani,fast_food,2,0,-1.2195794,36.8879118,Pizza Planet,area
6224915445,Kasarani,fast_food,2,0,-1.2193377,36.8882356,Burger King,area
6233570067,Kasarani,fast_food,2,0,-1.2324384,36.8782206,KFC,area
6249063497,Kasarani,fast_food,2,0,-1.2191493,36.8954454,Kenchic Inn Kasarani Foods Ltd,area
8345317206,Kasarani,fast_food,2,0,-1.2128096,36.8344921,Pizza Inn,area
11607841971,Kasarani,fast_food,2,0,-1.2179319,36.9074823,Biashara smokies base,area
12345693116,Kasarani,fast_food,2,0,-1.1832013,36.9314164,Canteen,area
13165020342,Kasarani,fast_food,2,0,-1.2134569,36.8924012,,area
13355018514,Kasarani,fast_food,2,0,-1.2531351,36.8726445,Kibanda,area
13355039520,Kasarani,fast_food,2,0,-1.2529063,36.8723007,Samosa shop,area
13355052647,Kasarani,fast_food,2,0,-1.2530964,36.8723016,Kwa mathe quick food,area
13355092442,Kasarani,fast_food,2,0,-1.2525237,36.8724895,chapati place,area
2405829030,Kasarani,greengrocer,2,0,-1.2414933,36.8838274,Neema 2 cereals,area
4823025126,Kasarani,greengrocer,2,0,-1.2422669,36.8799826,Kotecha wholesalers ltd,area
13354994691,Kasarani,greengrocer,2,0,-1.2534949,36.8724164,J&C Posho Mill,area
13355051353,Kasarani,greengrocer,2,0,-1.2517897,36.874133,Multigrain miller,area
1717370736,Kasarani,hairdresser,1,0,-1.1798051,36.9291349,,area
2405885965,Kasarani,hairdresser,1,0,-1.2467314,36.8845969,Beauty Shop,area
2405885970,Kasarani,hairdresser,1,0,-1.2479103,36.8862787,Classic Hair Salon,area
10600729494,Kasarani,hairdresser,1,0,-1.221187,36.9134282,Black Pearl,area
11001514712,Kasarani,hairdresser,1,0,-1.2258731,36.9289992,Silver Kinyozi,area
11500386281,Kasarani,hairdresser,1,0,-1.2173844,36.9025617,,area
12243480909,Kasarani,hairdresser,1,0,-1.2530181,36.8885035,Mung'etho kinyozi,area
12243480910,Kasarani,hairdresser,1,0,-1.2527703,36.8888892,JJ haircuts,area
12243480911,Kasarani,hairdresser,1,0,-1.251462,36.8878726,Bigie babaz,area
12244024005,Kasarani,hairdresser,1,0,-1.253154,36.8883266,Joy beauty and cosmetics,area
12244024008,Kasarani,hairdresser,1,0,-1.2519045,36.8881211,Githaiga barber shop,area
13355030548,Kasarani,hairdresser,1,0,-1.2528693,36.8731253,Nancy salon,area
2344361847,Kasarani,hardware,1,0,-1.233291,36.8729532,Marvel Hardware,area
2405883336,Kasarani,hardware,1,0,-1.2409886,36.8973503,Gravy hut,area
2405883339,Kasarani,hardware,1,0,-1.2404486,36.8956677,Mali Mali,area
2405883351,Kasarani,hardware,1,0,-1.2394503,36.8983038,Waumini,area
1038202761,Kasarani,kiosk,2,0,-1.2582991,36.86224,Tsunami barbar shop,area
1038202770,Kasarani,kiosk,2,0,-1.2584785,36.8618542,Kasongo photo studio,area
1038219179,Kasarani,kiosk,2,0,-1.2532174,36.8708895,Mathare North Stalls,area
2405836270,Kasarani,kiosk,2,0,-1.2381801,36.8969935,Mama dan's kiosk,area
2405836330,Kasarani,kiosk,2,0,-1.2415606,36.8939496,Path Mack shop,area
2405854920,Kasarani,kiosk,2,0,-1.2477592,36.8796369,Mama dan shop,area
2405854926,Kasarani,kiosk,2,0,-1.246361,36.8786235,Sawa shop,area
2405883330,Kasarani,kiosk,2,0,-1.2406472,36.8983783,Angela shop,area
2405883332,Kasarani,kiosk,2,0,-1.2433066,36.8911616,Babadogo kiosk,area
2405883342,Kasarani,kiosk,2,0,-1.2439218,36.8921382,New genesis shop,area
2405883350,Kasarani,kiosk,2,0,-1.2409218,36.8977448,Wa mwangi,area
2405883352,Kasarani,kiosk,2,0,-1.2418106,36.8936694,Yangas general shop,area
2405885980,Kasarani,kiosk,2,0,-1.2482094,36.8855967,Faith Heritage Dairy,area
13355003233,Kasarani,kiosk,2,0,-1.2530907,36.8724112,Kibandaski,area
13355052191,Kasarani,kiosk,2,0,-1.2527369,36.8723257,Kibandaski,area
1038202656,Kasarani,pharmacy,1,0,-1.2618123,36.8601064,,area
1038202692,Kasarani,pharmacy,1,0,-1.2584587,36.8619385,Neigbourhood chemist,area
1038202846,Kasarani,pharmacy,1,0,-1.2583704,36.862128,,area
1038219168,Kasarani,pharmacy,1,0,-1.2534479,36.8702577,Nuffield Medical Service Providers,area
1111586848,Kasarani,pharmacy,1,0,-1.2522877,36.8696384,Drug Port,area
1732933877,Kasarani,pharmacy,1,0,-1.2466004,36.892626,,area
2344361838,Kasarani,pharmacy,1,0,-1.2341564,36.8722616,Hychem Chemist,area
2378918234,Kasarani,pharmacy,1,0,-1.2550849,36.8666202,STJAMES MEDICAL CENTER,area
2405836284,Kasarani,pharmacy,1,0,-1.2416554,36.8955208,Powa,area
2405883356,Kasarani,pharmacy,1,0,-1.2395054,36.8989494,,area
2405883359,Kasarani,pharmacy,1,0,-1.239866,36.8969407,,area
2405885993,Kasarani,pharmacy,1,0,-1.2476122,36.8832817,Lifecode Medical services,area
2405886003,Kasarani,pharmacy,1,0,-1.2473833,36.8863667,St. Luke Chemist and Medical Clinic,area
2417344957,Kasarani,pharmacy,1,0,-1.1835073,36.9018753,Rugi Chemist,area
5348815008,Kasarani,pharmacy,1,0,-1.225107,36.8401871,Mimosa Pharmacy,area
6224915306,Kasarani,pharmacy,1,0,-1.2324618,36.8752431,Goodlife Pharmacy Shell Thome,area
7952200622,Kasarani,pharmacy,1,0,-1.2586683,36.8620517,Kopok Chemist,area
8006210385,Kasarani,pharmacy,1,0,-1.2619488,36.8564683,By Grace Chemist,area
8006263285,Kasarani,pharmacy,1,0,-1.2619708,36.8585987,The two sisters chemist,area
8006305785,Kasarani,pharmacy,1,0,-1.2617031,36.8596947,Glorious Chemist,area
8006307486,Kasarani,pharmacy,1,0,-1.2598686,36.8611369,Promise chemist,area
8021720087,Kasarani,pharmacy,1,0,-1.2583877,36.8619418,Dawa house,area
8021720088,Kasarani,pharmacy,1,0,-1.2618211,36.8578085,Migingo chemist,area
8021724586,Kasarani,pharmacy,1,0,-1.2584371,36.8624682,Kopok chemist,area
8021724587,Kasarani,pharmacy,1,0,-1.2595634,36.8607189,Fast care,area
8021724588,Kasarani,pharmacy,1,0,-1.2608505,36.8593025,Blessed chemist,area
8021737885,Kasarani,pharmacy,1,0,-1.2589436,36.8611469,Rehoboth Chemist,area
8021738085,Kasarani,pharmacy,1,0,-1.2605601,36.8599639,Gods gift,area
8032765485,Kasarani,pharmacy,1,0,-1.2617359,36.859322,Shemile,area
8210508750,Kasarani,pharmacy,1,0,-1.2105604,36.886051,Livewell Pharmacy & Cosmetics,area
8891844998,Kasarani,pharmacy,1,0,-1.2468189,36.8914208,Gonga Njaa,area
8891844999,Kasarani,pharmacy,1,0,-1.2511546,36.8917124,Candy Chemist,area
8891845000,Kasarani,pharmacy,1,0,-1.25461,36.8873,Chemist,area
8891845001,Kasarani,pharmacy,1,0,-1.25581,36.8865,Chemist,area
8891845002,Kasarani,pharmacy,1,0,-1.25608,36.8862,Kwa Mary,area
8891845003,Kasarani,pharmacy,1,0,-1.2491,36.8912,Baraka Chemist,area
8963037626,Kasarani,pharmacy,1,0,-1.2530123,36.8848266,Blossom chemist,area
8963037628,Kasarani,pharmacy,1,0,-1.2526739,36.8858407,Bluerace Chemist,area
8963037629,Kasarani,pharmacy,1,0,-1.2447046,36.8935644,Siwandhe Pharmacy,area
9418619696,Kasarani,pharmacy,1,0,-1.2335869,36.8845179,Haltons Pharmacy Ngumba Estate,area
10600729496,Kasarani,pharmacy,1,0,-1.221002,36.9133799,,area
10600729497,Kasarani,pharmacy,1,0,-1.2212916,36.913227,,area
11001534043,Kasarani,pharmacy,1,0,-1.2226182,36.9120865,Senna Pharmacy,area
12243233630,Kasarani,pharmacy,1,0,-1.2510119,36.8883891,Mickey,area
12243233631,Kasarani,pharmacy,1,0,-1.2512752,36.8902045,Chemist,area
12243233632,Kasarani,pharmacy,1,0,-1.2511011,36.8909499,MK Chemist,area
1038219147,Kasarani,restaurant,1,0,-1.2527996,36.8722244,,area
1045131996,Kasarani,restaurant,1,0,-1.1879664,36.9272885,Cyber Inn,area
1111587026,Kasarani,restaurant,1,0,-1.2529511,36.870344,Janes Paradise Bar and Restaurant,area
1717391426,Kasarani,restaurant,1,0,-1.1826356,36.9296365,,area
1732933789,Kasarani,restaurant,1,0,-1.2458875,36.8923429,Equater Hotel,area
1875653421,Kasarani,restaurant,1,0,-1.2581929,36.854123,Utalii HOtel,area
2212753579,Kasarani,restaurant,1,0,-1.2535248,36.8679763,skimmers restaurant,area
2261405852,Kasarani,restaurant,1,0,-1.2531996,36.87099,Osiepe bar and restaurant,area
2280632224,Kasarani,restaurant,1,0,-1.2516814,36.8699727,North point bar and restaurant,area
2280687619,Kasarani,restaurant,1,0,-1.2552098,36.8674283,Skimmers restaurant,area
2280687672,Kasarani,restaurant,1,0,-1.2542461,36.8675484,mathare honey inn,area
2316813598,Kasarani,restaurant,1,0,-1.2537779,36.8620849,Josmar Inn,area
2321691000,Kasarani,restaurant,1,0,-1.2528626,36.8669675,Terminus inn,area
2330383399,Kasarani,restaurant,1,0,-1.2476562,36.8736325,Embeut Fish & Chips,area
2330383400,Kasarani,restaurant,1,0,-1.248015,36.8729624,Joint kwetu bar and restaurant,area
2344361832,Kasarani,restaurant,1,0,-1.2329885,36.8731383,Teriyaki Japan Drive Through,area
3283344676,Kasarani,restaurant,1,0,-1.2343614,36.8716551,Roasters Inn,area
5178151561,Kasarani,restaurant,1,0,-1.1804151,36.9343323,Old Library Tuckshop,area
5178151562,Kasarani,restaurant,1,0,-1.1800217,36.9324235,Sz Food outlet,area
5327805717,Kasarani,restaurant,1,0,-1.2127296,36.8354824,Itara Grills,area
5331536205,Kasarani,restaurant,1,0,-1.2237732,36.8383714,Vine Arch,area
5331543897,Kasarani,restaurant,1,0,-1.2080719,36.8329956,New Sarivid Place Restaurant,area
5343360588,Kasarani,restaurant,1,0,-1.2129813,36.8723802,JACOBS ALCOHOL FREE ZONE,area
5343388325,Kasarani,restaurant,1,0,-1.2242538,36.8708918,Pegasus Lounge,area
5343393992,Kasarani,restaurant,1,0,-1.2266751,36.8638681,45 Degrees Kitchen,area
5343393995,Kasarani,restaurant,1,0,-1.2167431,36.8622492,SAAS Restaurant,area
5343403620,Kasarani,restaurant,1,0,-1.2172303,36.8585731,Kidventurous,area
5348711551,Kasarani,restaurant,1,0,-1.2298149,36.8417296,Cafe Columbiana,area
5360180074,Kasarani,restaurant,1,0,-1.2253896,36.8403429,Peppercorn Bistro,area
5360180076,Kasarani,restaurant,1,0,-1.2258236,36.8403444,Pizza Inn Ridgeways,area
5472978519,Kasarani,restaurant,1,0,-1.2323486,36.8779701,"Teriyaki, Garden City Mall",area
5472978520,Kasarani,restaurant,1,0,-1.2327683,36.8782914,Zaater Restaurant,area
5472978924,Kasarani,restaurant,1,0,-1.2326932,36.8789652,Korean Chicken,area
5472978925,Kasarani,restaurant,1,0,-1.2325403,36.8783717,Moca Loca Coffee & Lounge - Garden City Mall,area
5472978926,Kasarani,restaurant,1,0,-1.2320662,36.8780867,Big Square -Garden City Mall,area
5472978928,Kasarani,restaurant,1,0,-1.232074,36.8787449,Chicken Inn Garden City,area
5472978929,Kasarani,restaurant,1,0,-1.2329316,36.8788693,Artcaffe Garden City,area
5472978933,Kasarani,restaurant,1,0,-1.233258,36.8791517,The Graceful,area
6105059957,Kasarani,restaurant,1,0,-1.2495169,36.8615712,Choma Zone,area
6224915223,Kasarani,restaurant,1,0,-1.2325307,36.8657854,Hagon Restaurant,area
6224915224,Kasarani,restaurant,1,0,-1.2338478,36.8692604,Tip Canoe Cafe,area
6224915232,Kasarani,restaurant,1,0,-1.2342764,36.8679593,Milele Lounge,area
6224915246,Kasarani,restaurant,1,0,-1.2330039,36.8659232,"The O'fish, Garden (Fish Shop)",area
6224915294,Kasarani,restaurant,1,0,-1.2327709,36.8731678,Mama Nia Pizza,area
6224915304,Kasarani,restaurant,1,0,-1.2328395,36.8747074,Bull Point Bar & Restaurant,area
6224915320,Kasarani,restaurant,1,0,-1.2314659,36.876205,Jambo Grill,area
6224915321,Kasarani,restaurant,1,0,-1.2311946,36.8763759,Marhaba Lounge,area
6224915322,Kasarani,restaurant,1,0,-1.2315018,36.8759354,Mascateers Bar &grill,area
6224915324,Kasarani,restaurant,1,0,-1.2306117,36.8775481,Homeland Inn,area
6224915334,Kasarani,restaurant,1,0,-1.2294146,36.8790993,Mseto Klub Bar & Restaurant,area
6224915366,Kasarani,restaurant,1,0,-1.2257749,36.8835153,Winners Pavillion at Safari Park,area
6224915392,Kasarani,restaurant,1,0,-1.2202425,36.8800138,Blantyre Cuisine,area
6224915393,Kasarani,restaurant,1,0,-1.2204138,36.8802745,"Memphis Bar And Restaurant, Safari Park Arcade",area
6224915394,Kasarani,restaurant,1,0,-1.2203178,36.8802447,Rocaffé Restaurant,area
6224915423,Kasarani,restaurant,1,0,-1.2199659,36.8891952,Creamy Inn-TRM,area
6224915425,Kasarani,restaurant,1,0,-1.2197741,36.8892671,Chicken Inn TRM,area
6224915428,Kasarani,restaurant,1,0,-1.2198593,36.8888423,Urban Gourmet Burgers TRM,area
6224915436,Kasarani,restaurant,1,0,-1.2195434,36.8881274,Beirut Lebanese Cuisine,area
6224915444,Kasarani,restaurant,1,0,-1.2191757,36.8878037,Persia Lounge,area
6247215841,Kasarani,restaurant,1,0,-1.2359685,36.872959,Restaurant La-Capanna,area
6249063027,Kasarani,restaurant,1,0,-1.2194774,36.8932534,Kasarani Police Canteen,area
6249063028,Kasarani,restaurant,1,0,-1.2206653,36.8948923,Robbiz Bar & Grill,area
6249063039,Kasarani,restaurant,1,0,-1.2224674,36.8967135,Icipe's Restaurant,area
6249063066,Kasarani,restaurant,1,0,-1.2231902,36.8997114,Kasarani Sports View Gate,area
6249063486,Kasarani,restaurant,1,0,-1.2180811,36.8990838,Red Office Lounge & Grill,area
6249063487,Kasarani,restaurant,1,0,-1.2182717,36.8990475,The Monaco Restaurant and Club,area
6249063495,Kasarani,restaurant,1,0,-1.2181145,36.8958128,Pewi Foods Kasarani,area
6249063509,Kasarani,restaurant,1,0,-1.2175085,36.8986736,The Wind Pub & Restaurant,area
6249063512,Kasarani,restaurant,1,0,-1.2179067,36.9003363,Anchor Hotel,area
6249063529,Kasarani,restaurant,1,0,-1.218242,36.9032887,Seasons Fast Food,area
6249063826,Kasarani,restaurant,1,0,-1.2177044,36.905441,Grape Yard,area
6249168566,Kasarani,restaurant,1,0,-1.2294576,36.9194886,Sunton Bar & Restaurant,area
6249531827,Kasarani,restaurant,1,0,-1.212697,36.9009402,Fish Safi Restaurant,area
6249531879,Kasarani,restaurant,1,0,-1.2006556,36.9185659,C. E. O Joint Club & Restaurant,area
6251534631,Kasarani,restaurant,1,0,-1.1836998,36.9253357,KUCC RESTAURANT,area
6327540492,Kasarani,restaurant,1,0,-1.2280787,36.8657245,G Cafe,area
6327540493,Kasarani,restaurant,1,0,-1.2309945,36.8638559,Castle Inn,area
6826671309,Kasarani,restaurant,1,0,-1.2182551,36.8987901,Wakalucy Fish Palace,area
6826671311,Kasarani,restaurant,1,0,-1.2177846,36.8974519,Bull and Bush,area
6827309058,Kasarani,restaurant,1,0,-1.2171935,36.8856947,Addis Alem Ethiopian,area
6827309068,Kasarani,restaurant,1,0,-1.2107017,36.8867367,Aqua Garden,area
6827309069,Kasarani,restaurant,1,0,-1.2111419,36.886161,Anjola Nigerian Kitchen,area
6827320490,Kasarani,restaurant,1,0,-1.213132,36.8926287,Mirema Gardens Amusement,area
6827320491,Kasarani,restaurant,1,0,-1.2126187,36.8926334,Mirema Fig Tree Bar,area
6827320499,Kasarani,restaurant,1,0,-1.2185463,36.8861524,Red Plate Food and Liquor,area
7008108311,Kasarani,restaurant,1,0,-1.2433836,36.8550962,Muthaiga Dawns,area
7835291107,Kasarani,restaurant,1,0,-1.2173991,36.8635472,Redspot Garden,area
7835291109,Kasarani,restaurant,1,0,-1.2231666,36.8631462,Garden Estate Residential Home,area
7861912357,Kasarani,restaurant,1,0,-1.1978872,36.9013893,Club Fabric Sports,area
7861912358,Kasarani,restaurant,1,0,-1.2001906,36.8997289,Dragon Bar & Grill,area
7861912359,Kasarani,restaurant,1,0,-1.2006125,36.8998514,Small Villa,area
7861912360,Kasarani,restaurant,1,0,-1.2081824,36.8939186,Phoenix,area
8212384616,Kasarani,restaurant,1,0,-1.2075487,36.8866838,Rudolf's Place,area
8230475518,Kasarani,restaurant,1,0,-1.1795682,36.9103431,Tavern Gardens,area
8302981357,Kasarani,restaurant,1,0,-1.2313024,36.8641626,King Castle Garden,area
8345317205,Kasarani,restaurant,1,0,-1.2067789,36.8549801,The Place at Windsor,area
8375353771,Kasarani,restaurant,1,0,-1.2327113,36.8718306,The Big Fish,area
9010305021,Kasarani,restaurant,1,0,-1.2344229,36.9910638,Afro Sayari,area
9014259338,Kasarani,restaurant,1,0,-1.1967518,36.9023575,NJERI WA UJI POWER BAZE,area
9777741276,Kasarani,restaurant,1,0,-1.2322043,36.873223,Awesome Cross Butchery,area
10068421223,Kasarani,restaurant,1,0,-1.2182335,36.9028936,Seasons Lounge and Grill Kasarani,area
12243583400,Kasarani,restaurant,1,0,-1.2556328,36.8876285,Kwa mama chapo,area
12243613701,Kasarani,restaurant,1,0,-1.2469032,36.8910075,Gonga njaa police canteen,area
12243613702,Kasarani,restaurant,1,0,-1.2548909,36.8868173,New wendani cool base,area
12243613703,Kasarani,restaurant,1,0,-1.2556197,36.8862551,Kwa were food kiosk,area
12243613704,Kasarani,restaurant,1,0,-1.2530941,36.8884015,New Ebenezer hotel,area
12243613705,Kasarani,restaurant,1,0,-1.2558643,36.8860812,Shalom blessing cafe,area
12243613706,Kasarani,restaurant,1,0,-1.2541647,36.8876282,Barikiwa cafe,area
12339414771,Kasarani,restaurant,1,0,-1.181719,36.9257569,,area
12343057194,Kasarani,restaurant,1,0,-1.1800004,36.9325818,Sz Food outlet,area
12345573101,Kasarani,restaurant,1,0,-1.1760942,36.9352654,food outlet,area
12345573102,Kasarani,restaurant,1,0,-1.1757483,36.9336945,tuck shop,area
5343393994,Kasarani,salon,2,0,-1.2226947,36.8651694,Riena Family Spa,area
10847161315,Kasarani,salon,2,0,-1.2228457,36.9123968,,area
1038202695,Kasarani,supermarket,1,0,-1.2582303,36.8627428,Sokomoko wholesales,area
1038219170,Kasarani,supermarket,1,0,-1.2506534,36.873971,Lucky Star super market,area
1111587206,Kasarani,supermarket,1,0,-1.2505325,36.8763456,Smart Choice,area
2344361865,Kasarani,supermarket,1,0,-1.2326846,36.8734785,Naivas Supermarket,area
2405829021,Kasarani,supermarket,1,0,-1.240963,36.8842308,Bunyix supermarket,area
2405829029,Kasarani,supermarket,1,0,-1.244272,36.8885053,Mini price supermarket,area
2405829038,Kasarani,supermarket,1,0,-1.2409649,36.8836055,Top view supermarket,area
2405854925,Kasarani,supermarket,1,0,-1.246407,36.8789364,Riverside supermarket,area
2405883337,Kasarani,supermarket,1,0,-1.2397586,36.8980003,Happy view,area
2405883344,Kasarani,supermarket,1,0,-1.2438304,36.8916039,Nyar jimo shop,area
2405885984,Kasarani,supermarket,1,0,-1.2474314,36.8843279,Jovena Mini Market,area
3336751389,Kasarani,supermarket,1,0,-1.233328,36.8727567,QuickMart Jipange,area
4793984321,Kasarani,supermarket,1,0,-1.2476349,36.8726223,Naivas Ruaraka,area
4823712522,Kasarani,supermarket,1,0,-1.2320445,36.8782614,Game Stores Kenya,area
5448456554,Kasarani,supermarket,1,0,-1.1867956,36.9068671,Lillies Supermarket,area
5448459889,Kasarani,supermarket,1,0,-1.1838203,36.9013427,Cleanshelf Kahawa West,area
5470451922,Kasarani,supermarket,1,0,-1.2322899,36.8784643,Game Supermarket,area
5743459430,Kasarani,supermarket,1,0,-1.2063204,36.8942985,Powerstar Express Supermarket,area
5743474194,Kasarani,supermarket,1,0,-1.2093562,36.8941279,Powerstar supermarket,area
6105059956,Kasarani,supermarket,1,0,-1.2496322,36.8613539,Tuskys,area
6218081303,Kasarani,supermarket,1,0,-1.2175238,36.8968326,Powerstar Supermarket Kasarani,area
6224913778,Kasarani,supermarket,1,0,-1.2527193,36.8564277,Grit Supermarket,area
6224915281,Kasarani,supermarket,1,0,-1.2341466,36.8706834,Mulika Mini Market,area
6224915422,Kasarani,supermarket,1,0,-1.2200834,36.8890738,Carrefour,area
6249063079,Kasarani,supermarket,1,0,-1.2187615,36.8992809,Dorte Everfresh Grocery & Cereals,area
6249063080,Kasarani,supermarket,1,0,-1.2181843,36.8994027,Kassmatt Supermarket,area
6249063499,Kasarani,supermarket,1,0,-1.2194778,36.8950718,Wabuti Supermarket,area
6249063511,Kasarani,supermarket,1,0,-1.2171221,36.9002679,Famcon Supermarket,area
6249063519,Kasarani,supermarket,1,0,-1.2185624,36.9025645,Jikuze Supermarket,area
6249063520,Kasarani,supermarket,1,0,-1.2185431,36.90277,"LeasherMatt Supermarket,Kasarani",area
6249063530,Kasarani,supermarket,1,0,-1.2170266,36.9032137,Kasamat Supermarket,area
6249063535,Kasarani,supermarket,1,0,-1.2145401,36.9042012,Slymac Mini Mart,area
6249168568,Kasarani,supermarket,1,0,-1.2298871,36.927337,Thikamatt,area
6249168600,Kasarani,supermarket,1,0,-1.2353459,36.9331809,Rongai supermarket,area
6249434332,Kasarani,supermarket,1,0,-1.2356239,36.9339528,Kassmatt Supermarket,area
6249531815,Kasarani,supermarket,1,0,-1.2154377,36.8954672,Gesta Supermarket,area
6249531854,Kasarani,supermarket,1,0,-1.2041822,36.9159467,Kassmat Supermarket,area
6324976684,Kasarani,supermarket,1,0,-1.1890825,36.9211529,,area
6397800321,Kasarani,supermarket,1,0,-1.2331317,36.8787963,ShopRite,area
6827309041,Kasarani,supermarket,1,0,-1.2154465,36.8886373,Admart,area
6827309042,Kasarani,supermarket,1,0,-1.215875,36.8880723,Roymatt Supermarket,area
6827320495,Kasarani,supermarket,1,0,-1.2132465,36.8945034,Budget,area
8300023514,Kasarani,supermarket,1,0,-1.1834606,36.9015993,QuickMart,area
9014259340,Kasarani,supermarket,1,0,-1.2004343,36.900054,Leestar Supermarket Githurai,area
9020201617,Kasarani,supermarket,1,0,-1.2062073,36.9139594,Naivas,area
9418619697,Kasarani,supermarket,1,0,-1.2336717,36.8849565,Kabsmatt Supermarket,area
10600729498,Kasarani,supermarket,1,0,-1.2209148,36.9143388,,area
10770010444,Kasarani,supermarket,1,0,-1.1780254,36.9394686,Kendys supermarket,area
11001534044,Kasarani,supermarket,1,0,-1.2210105,36.9130917,Lawmik Mini Shop,area
13355081686,Kasarani,supermarket,1,0,-1.2521173,36.8724809,ELREY WHOLESALE,area
13355086428,Kasarani,supermarket,1,0,-1.2524968,36.872277,Sabina supermarket,area
1628483778,Kawangware,clothes,1,0,-1.2981906,36.76237,Baby Shop,bbox
2511476617,Kawangware,clothes,1,0,-1.2977261,36.7617309,Mr Price,bbox
2511477222,Kawangware,clothes,1,0,-1.2977943,36.7626737,Woolsworth,bbox
2511480224,Kawangware,clothes,1,0,-1.2982366,36.763179,Truworths,bbox
2511459641,Kawangware,fast_food,2,0,-1.2979749,36.7620966,Subway,bbox
5333185202,Kawangware,fast_food,2,0,-1.2784812,36.7697604,Big Square Lavington,bbox
5334916983,Kawangware,fast_food,2,0,-1.2903653,36.7705515,Pizza Inn-Valley Arcade,bbox
5339089375,Kawangware,fast_food,2,0,-1.2886181,36.7506157,Coast Fast Food,bbox
5354470346,Kawangware,fast_food,2,0,-1.2904153,36.7709181,Pizza Inn,bbox
6131057612,Kawangware,fast_food,2,0,-1.2792179,36.7705728,KFC,bbox
6135412065,Kawangware,fast_food,2,0,-1.2979132,36.7625254,KFC,bbox
8193801355,Kawangware,fast_food,2,0,-1.2766725,36.7714008,Big Square,bbox
6869934673,Kawangware,greengrocer,2,0,-1.2909053,36.770278,Zucchini,bbox
8811365317,Kawangware,greengrocer,2,0,-1.2868883,36.7453617,Cereal shop,bbox
10797193042,Kawangware,greengrocer,2,0,-1.2796484,36.7690842,Beyond Fruits,bbox
2511459507,Kawangware,hairdresser,1,0,-1.2983424,36.7630062,Nywele Nzuri Fusion Salon,bbox
5339116167,Kawangware,hardware,1,0,-1.279914,36.7699233,Crown Paints Distributor-Tofina Rom Builders Ltd,bbox
13460790979,Kawangware,hardware,1,0,-1.2851442,36.7442206,Gees Spares e Parts,bbox
2511480633,Kawangware,pharmacy,1,0,-1.2984611,36.7630032,"Mimosa Pharmacy, Doctor and Laboratory",bbox
5339103764,Kawangware,pharmacy,1,0,-1.2847453,36.7597235,Patan Chemist,bbox
5580878322,Kawangware,pharmacy,1,0,-1.2652235,36.7410973,Goodlife Pharmacy,bbox
8047604833,Kawangware,pharmacy,1,0,-1.2861083,36.7453183,Margjallean Pharmaceuticals,bbox
8074036733,Kawangware,pharmacy,1,0,-1.2813624,36.7546133,Chemist,bbox
8074036734,Kawangware,pharmacy,1,0,-1.2798527,36.7557606,chemist,bbox
8074036735,Kawangware,pharmacy,1,0,-1.2978756,36.7533611,Eloc Pharmacy,bbox
8074036736,Kawangware,pharmacy,1,0,-1.2979349,36.753336,Wa Ann Pharmacy,bbox
8074036737,Kawangware,pharmacy,1,0,-1.2979563,36.7533096,L,bbox
8074036738,Kawangware,pharmacy,1,0,-1.2903816,36.7488007,Keli Chemist,bbox
8074036739,Kawangware,pharmacy,1,0,-1.2854983,36.759075,Jemamed Pharmacy,bbox
8074036740,Kawangware,pharmacy,1,0,-1.2903824,36.7398859,Satelite Chemist,bbox
8074036741,Kawangware,pharmacy,1,0,-1.2897517,36.7501517,Galena,bbox
8074036742,Kawangware,pharmacy,1,0,-1.2899461,36.7468127,Fairview,bbox
8074036743,Kawangware,pharmacy,1,0,-1.2900006,36.7468489,Kawangware Chemist,bbox
8074036744,Kawangware,pharmacy,1,0,-1.2886633,36.7514083,Late Night Chemist,bbox
8074036745,Kawangware,pharmacy,1,0,-1.2886083,36.7508117,Galex Chemist,bbox
8074036746,Kawangware,pharmacy,1,0,-1.2899569,36.7468184,Melmarvic,bbox
8074036747,Kawangware,pharmacy,1,0,-1.2882699,36.7494056,Njimia,bbox
8074036748,Kawangware,pharmacy,1,0,-1.2889055,36.7530626,Vinly,bbox
8074036750,Kawangware,pharmacy,1,0,-1.279876,36.7561716,St Ann's,bbox
8074036751,Kawangware,pharmacy,1,0,-1.2901882,36.7496929,Grahama's Chemist,bbox
8074036752,Kawangware,pharmacy,1,0,-1.2884928,36.7445522,Vila,bbox
8074036753,Kawangware,pharmacy,1,0,-1.2769231,36.7586322,Joy Enterprise,bbox
8074036754,Kawangware,pharmacy,1,0,-1.2850167,36.75449,Chemist,bbox
8074036756,Kawangware,pharmacy,1,0,-1.2859417,36.7455933,Philmed Pharmacy Chemist,bbox
8074036757,Kawangware,pharmacy,1,0,-1.2861017,36.74566,Titan Chemist,bbox
8074036758,Kawangware,pharmacy,1,0,-1.2861117,36.7457367,Salama Pharmaceutical ltd,bbox
8074036760,Kawangware,pharmacy,1,0,-1.2867433,36.747105,Njimia Pharmaceutical ltd,bbox
8074036761,Kawangware,pharmacy,1,0,-1.2861197,36.7455172,Clinic,bbox
8074036762,Kawangware,pharmacy,1,0,-1.2860219,36.7453599,Clinic,bbox
8074036763,Kawangware,pharmacy,1,0,-1.286208,36.7455573,Dispensing,bbox
8074036764,Kawangware,pharmacy,1,0,-1.2860886,36.745534,Philimed,bbox
8074036765,Kawangware,pharmacy,1,0,-1.2862225,36.7458051,Salama,bbox
8074036766,Kawangware,pharmacy,1,0,-1.29004,36.7505867,Ethmill,bbox
8074036767,Kawangware,pharmacy,1,0,-1.2873133,36.7481183,Simama Chemist,bbox
8074036768,Kawangware,pharmacy,1,0,-1.2894842,36.7416223,Abijo,bbox
8074036769,Kawangware,pharmacy,1,0,-1.2764326,36.7552448,Umoja Med,bbox
8074036770,Kawangware,pharmacy,1,0,-1.2772401,36.7535615,Ponyesha Chemist,bbox
8074036771,Kawangware,pharmacy,1,0,-1.2886837,36.7531625,Sanmed Chemist,bbox
8074036772,Kawangware,pharmacy,1,0,-1.2882033,36.7528257,Kaimosi,bbox
8074036773,Kawangware,pharmacy,1,0,-1.2813256,36.742722,Bare Chemist,bbox
8074036774,Kawangware,pharmacy,1,0,-1.2889317,36.7453,Samaritan Medical,bbox
8074036775,Kawangware,pharmacy,1,0,-1.2780324,36.7508051,Steowa,bbox
8074036776,Kawangware,pharmacy,1,0,-1.2885491,36.751336,Chemist,bbox
8074036777,Kawangware,pharmacy,1,0,-1.2877095,36.7493544,Chemist,bbox
8074036778,Kawangware,pharmacy,1,0,-1.2874717,36.7486103,Chemist,bbox
8074036779,Kawangware,pharmacy,1,0,-1.2875983,36.7491717,Late Night Chemist,bbox
8074036780,Kawangware,pharmacy,1,0,-1.2782753,36.7508051,Ponachem,bbox
8074036781,Kawangware,pharmacy,1,0,-1.287585,36.7485983,Chemist and Beauty Shop,bbox
8074036782,Kawangware,pharmacy,1,0,-1.2899683,36.751115,Agrovet,bbox
8074036783,Kawangware,pharmacy,1,0,-1.2910267,36.7520367,Alkem Chemist,bbox
8074036784,Kawangware,pharmacy,1,0,-1.291448,36.7332906,Duka LA Dawa,bbox
8074036785,Kawangware,pharmacy,1,0,-1.2897733,36.750665,Joag Chemist,bbox
8074036786,Kawangware,pharmacy,1,0,-1.2903433,36.7514483,Sky Chemist,bbox
8074036787,Kawangware,pharmacy,1,0,-1.2822428,36.7508984,Chemist,bbox
8074036788,Kawangware,pharmacy,1,0,-1.2928839,36.734638,Bestamed Pharmacy,bbox
8074036789,Kawangware,pharmacy,1,0,-1.2887683,36.750045,The Sama Chemist,bbox
8074036790,Kawangware,pharmacy,1,0,-1.2852417,36.7533317,Duka LA Dawa,bbox
8074036791,Kawangware,pharmacy,1,0,-1.2872266,36.7534197,Clinic,bbox
8074036792,Kawangware,pharmacy,1,0,-1.2860267,36.7564717,Keystone Pharmacy,bbox
8074036793,Kawangware,pharmacy,1,0,-1.2867517,36.7414083,Assurelab,bbox
8074036794,Kawangware,pharmacy,1,0,-1.2842233,36.7423383,Janjay Chemists,bbox
8074036795,Kawangware,pharmacy,1,0,-1.28615,36.7408383,Mumblink,bbox
8074036796,Kawangware,pharmacy,1,0,-1.2758153,36.7623081,Mac Olben,bbox
8074036797,Kawangware,pharmacy,1,0,-1.2828684,36.7431827,Jomu Pharmaceutical,bbox
8074036798,Kawangware,pharmacy,1,0,-1.2839283,36.7583167,Pylot,bbox
8074036799,Kawangware,pharmacy,1,0,-1.2825143,36.7456122,,bbox
8074036800,Kawangware,pharmacy,1,0,-1.2821548,36.7533003,Larmar,bbox
8074036801,Kawangware,pharmacy,1,0,-1.2912567,36.7483767,Ninalink Chemist,bbox
8074036802,Kawangware,pharmacy,1,0,-1.2917107,36.7484065,Galex,bbox
8074036803,Kawangware,pharmacy,1,0,-1.2917043,36.7484107,Gg,bbox
8074036804,Kawangware,pharmacy,1,0,-1.2916557,36.7483932,Zapla,bbox
8074036805,Kawangware,pharmacy,1,0,-1.2877983,36.7493567,Naftali Chemist,bbox
10797199726,Kawangware,pharmacy,1,0,-1.2795452,36.7691925,PharmaPlus,bbox
10803647692,Kawangware,pharmacy,1,0,-1.2908467,36.7703653,Trichem,bbox
10803677610,Kawangware,pharmacy,1,0,-1.2907512,36.770368,Goodlife,bbox
13460756709,Kawangware,pharmacy,1,0,-1.2846908,36.7434159,SunnyBrook Healcare Center,bbox
13460812448,Kawangware,pharmacy,1,0,-1.285688,36.7448693,Salama Chemest - Phamaceuticals,bbox
354402134,Kawangware,restaurant,1,0,-1.2981045,36.7620635,Mediterraneo,bbox
1306116734,Kawangware,restaurant,1,0,-1.2932159,36.7651931,Sabrina's,bbox
1628483809,Kawangware,restaurant,1,0,-1.2982433,36.7620588,Phoenician,bbox
4463296106,Kawangware,restaurant,1,0,-1.2896743,36.7709874,For You Chinese Restaurant,bbox
4789983224,Kawangware,restaurant,1,0,-1.2813722,36.7690626,Tokyo Restaurant,bbox
5333185204,Kawangware,restaurant,1,0,-1.2782442,36.7694325,Mambo Italia,bbox
5333185205,Kawangware,restaurant,1,0,-1.2781731,36.7693226,Adega Kenya,bbox
5333189065,Kawangware,restaurant,1,0,-1.2767559,36.7681581,Peri-peri grill,bbox
5333318303,Kawangware,restaurant,1,0,-1.2854862,36.7627378,Toranj Restaurant,bbox
5333319731,Kawangware,restaurant,1,0,-1.286289,36.7623349,910 James Gichuru,bbox
5334926566,Kawangware,restaurant,1,0,-1.2906238,36.7702199,Java House Valley Arcade,bbox
5334928939,Kawangware,restaurant,1,0,-1.2913348,36.770383,La Salumeria Restaurant,bbox
5334947084,Kawangware,restaurant,1,0,-1.2934521,36.7623765,Pampa Churrascaria Lavington,bbox
5334952479,Kawangware,restaurant,1,0,-1.297801,36.7583771,7 Degrees Bar Restaurant and Lounge,bbox
5334952536,Kawangware,restaurant,1,0,-1.2966074,36.7580447,Valencia Gardens,bbox
5334998841,Kawangware,restaurant,1,0,-1.298001,36.7632151,Double Dragon Company Ltd.,bbox
5339116165,Kawangware,restaurant,1,0,-1.2800259,36.7697367,Artcaffe Lavington,bbox
5339303190,Kawangware,restaurant,1,0,-1.2883504,36.7689921,Mama Ashanti Ghanaian Restaurant,bbox
5353001755,Kawangware,restaurant,1,0,-1.2970545,36.7618308,Sip 'N' Lip,bbox
5580872762,Kawangware,restaurant,1,0,-1.2622619,36.7418818,The Airbus Lounge,bbox
6131057614,Kawangware,restaurant,1,0,-1.2793359,36.7705407,Java House Lavington,bbox
6141845873,Kawangware,restaurant,1,0,-1.2798369,36.7698076,D's Place,bbox
6141845874,Kawangware,restaurant,1,0,-1.2800526,36.7701534,"Saape Lounge, Lavington",bbox
6141845875,Kawangware,restaurant,1,0,-1.2808697,36.7692314,"vida e caffe, St. Austins",bbox
6141845876,Kawangware,restaurant,1,0,-1.2802599,36.7706249,Stack & Squeeze,bbox
6141848488,Kawangware,restaurant,1,0,-1.285308,36.7604913,Bongene Restaurant,bbox
6141848513,Kawangware,restaurant,1,0,-1.2841925,36.7645933,Mummydada's Nigerian Restaurant,bbox
6141848539,Kawangware,restaurant,1,0,-1.2860213,36.7619825,Le Palanka Pan-African Restaurant,bbox
7246804685,Kawangware,restaurant,1,0,-1.2645979,36.7495995,Tais Chicken,bbox
9193207603,Kawangware,restaurant,1,0,-1.2891459,36.7551845,Braeburn Club,bbox
9861955531,Kawangware,restaurant,1,0,-1.2650224,36.7405679,Big Square,bbox
10971299762,Kawangware,restaurant,1,0,-1.2885328,36.7426116,Izodee Fast Food,bbox
10992430305,Kawangware,restaurant,1,0,-1.2820678,36.7664316,Crafty Chameleon,bbox
12155923054,Kawangware,restaurant,1,0,-1.2930725,36.7621693,Geco Cafe,bbox
30092040,Kawangware,supermarket,1,0,-1.2984066,36.7633237,Carrefour,bbox
2511478541,Kawangware,supermarket,1,0,-1.2981386,36.7633609,Zucchini,bbox
5330949488,Kawangware,supermarket,1,0,-1.2802139,36.7704244,Chandarana Foodplus Supermarket (Lavington Branch),bbox
5333304037,Kawangware,supermarket,1,0,-1.2836202,36.7587244,Village Supermarket,bbox
5334971802,Kawangware,supermarket,1,0,-1.2948764,36.7475484,Joyway Supermarket Githembe,bbox
5580938676,Kawangware,supermarket,1,0,-1.2682273,36.7537694,Bottom Line Supermarket,bbox
8237558559,Kawangware,supermarket,1,0,-1.2636307,36.7634333,QuickMart,bbox
8764023888,Kawangware,supermarket,1,0,-1.2871983,36.7452767,Walmart Supermarket,bbox
9193193556,Kawangware,supermarket,1,0,-1.2891191,36.7414489,Saltes Supermarket,bbox
9193207602,Kawangware,supermarket,1,0,-1.2893068,36.7538944,Waiyaki Supermarket,bbox
10314763993,Kawangware,supermarket,1,0,-1.2655723,36.7409082,Naivas,bbox
10803671733,Kawangware,supermarket,1,0,-1.2912181,36.7698405,,bbox
10971311231,Kawangware,supermarket,1,0,-1.2831641,36.7369888,Naivas,bbox
13460764893,Kawangware,supermarket,1,0,-1.2923054,36.7345926,Peck Supermarket,bbox
13460852028,Kawangware,supermarket,1,0,-1.2892919,36.7537095,Friendly Five,bbox
12886664088,Kayole,clothes,1,0,-1.2472846,36.9021341,Black Triek,bbox
11801790532,Kayole,fast_food,2,0,-1.281083,36.9058554,Sarai Popcorns,bbox
11891025180,Kayole,hardware,1,0,-1.2579934,36.9207617,Fineline Hardware,bbox
6259860356,Kayole,restaurant,1,0,-1.2816683,36.9054199,Flame Grill Kayole,bbox
6259860360,Kayole,restaurant,1,0,-1.2852719,36.8999996,Marx Sports Bar,bbox
6817315480,Kayole,restaurant,1,0,-1.2817501,36.9022782,Junction Gardens,bbox
6819685083,Kayole,restaurant,1,0,-1.275535,36.908505,Wallet Bar,bbox
6819930252,Kayole,restaurant,1,0,-1.2670037,36.9167,Tushauriane,bbox
6819930265,Kayole,restaurant,1,0,-1.2722794,36.9100537,Bamboo,bbox
6819930266,Kayole,restaurant,1,0,-1.2566623,36.9243411,Junction Villa,bbox
13417925493,Kayole,restaurant,1,0,-1.26586,36.9047488,,bbox
8594289417,Kayole,salon,2,0,-1.2830699,36.902078,,bbox
4739716934,Kayole,supermarket,1,0,-1.2673913,36.9052027,Cleanshelf Supermarket,bbox
6140597685,Kayole,supermarket,1,0,-1.2810206,36.9058727,Cleanshelf,bbox
6173489654,Kayole,supermarket,1,0,-1.2570221,36.9226773,Neema Supermarket,bbox
6173489655,Kayole,supermarket,1,0,-1.2569895,36.9225076,Hill Mart Supermarket,bbox
6819930254,Kayole,supermarket,1,0,-1.2648803,36.9092695,Maryland,bbox
12099665959,Kayole,supermarket,1,0,-1.2569718,36.9231054,Muhindi Mweusi Supermarket,bbox
1691733192,Kibera,clothes,1,0,-1.3138789,36.7795762,Mariom beauty shop,bbox
5414280557,Kibera,clothes,1,0,-1.2928591,36.7877443,Mr Price,bbox
12700702054,Kibera,clothes,1,0,-1.31725,36.77808,Fred Collections,bbox
473447865,Kibera,fast_food,2,0,-1.3000869,36.7897519,Pizza Inn,bbox
612009029,Kibera,fast_food,2,0,-1.3169444,36.7959202,hotel,bbox
612009161,Kibera,fast_food,2,0,-1.3108836,36.7959399,Oasis of Love hotel,bbox
1635576788,Kibera,fast_food,2,0,-1.3000833,36.7898517,Chicken-Inn,bbox
1635576791,Kibera,fast_food,2,0,-1.3000068,36.7903693,Debonairs Pizza,bbox
1801454703,Kibera,fast_food,2,0,-1.3110415,36.7752186,Joe's Grill Fast Foods,bbox
1874194729,Kibera,fast_food,2,0,-1.3005108,36.7805494,McFrys,bbox
3907775880,Kibera,fast_food,2,0,-1.3000815,36.7898952,Creamy Inn,bbox
4318624590,Kibera,fast_food,2,0,-1.3268405,36.7890072,Steers Lang'ata,bbox
4323307164,Kibera,fast_food,2,0,-1.2931478,36.7923679,Al-Baik,bbox
4864949111,Kibera,fast_food,2,0,-1.3241333,36.7860327,MotoMoto,bbox
5412286000,Kibera,fast_food,2,0,-1.2997192,36.7729864,Domino's,bbox
5414335600,Kibera,fast_food,2,0,-1.292504,36.789832,Subway,bbox
6400228056,Kibera,fast_food,2,0,-1.2943287,36.7984861,Domino's,bbox
9396474817,Kibera,fast_food,2,0,-1.3154642,36.7791601,Mtaani Chips Cafe,bbox
12567701401,Kibera,fast_food,2,0,-1.3076829,36.8036377,Chicken Inn,bbox
4313843990,Kibera,greengrocer,2,0,-1.3265528,36.7898325,Nyaboke's,bbox
5383793280,Kibera,greengrocer,2,0,-1.2949962,36.805882,Nairobi Fruits & Flowers,bbox
5414335734,Kibera,greengrocer,2,0,-1.2946343,36.7990935,Hurlingham Grocer,bbox
9001035217,Kibera,greengrocer,2,0,-1.3101352,36.7737032,,bbox
9013496433,Kibera,greengrocer,2,0,-1.3141964,36.7756857,Step3 Shop,bbox
9016747041,Kibera,greengrocer,2,0,-1.3130806,36.7776726,Determination Cereals/ Shop,bbox
9396399119,Kibera,greengrocer,2,0,-1.3149659,36.775299,,bbox
9399150817,Kibera,greengrocer,2,0,-1.3149058,36.7801676,,bbox
9399192718,Kibera,greengrocer,2,0,-1.3141321,36.7820361,,bbox
9399274519,Kibera,greengrocer,2,0,-1.3146352,36.7843872,Mashimo Posho,bbox
9399312418,Kibera,greengrocer,2,0,-1.3146026,36.7862941,,bbox
12700702055,Kibera,greengrocer,2,0,-1.3165886,36.7768766,Mama Clinton Groceries,bbox
13782490701,Kibera,greengrocer,2,0,-1.3149,36.7893,Grace,bbox
612007622,Kibera,hairdresser,1,0,-1.3136603,36.7758862,mamu salon,bbox
612007774,Kibera,hairdresser,1,0,-1.3115393,36.7993081,Super Kiyozi Cuts,bbox
612007868,Kibera,hairdresser,1,0,-1.3140542,36.7758847,Anyole saloon and kinyozi,bbox
612007870,Kibera,hairdresser,1,0,-1.314116,36.7758556,Lady of Mercy Hair Saloon,bbox
612008432,Kibera,hairdresser,1,0,-1.312449,36.7776035,Maasai summit Saloon,bbox
612008436,Kibera,hairdresser,1,0,-1.3121812,36.7787063,By Gods Mercy Saloon,bbox
612008486,Kibera,hairdresser,1,0,-1.3121728,36.7965682,Shimba Hills salon,bbox
612008505,Kibera,hairdresser,1,0,-1.3095746,36.7756946,Urembo beauty palour,bbox
612008536,Kibera,hairdresser,1,0,-1.3113811,36.7879306,Salon,bbox
612008538,Kibera,hairdresser,1,0,-1.3112975,36.7879041,Salon,bbox
612008546,Kibera,hairdresser,1,0,-1.3110483,36.789252,Salon,bbox
612008614,Kibera,hairdresser,1,0,-1.3107895,36.7926524,barber shop,bbox
612008677,Kibera,hairdresser,1,0,-1.3129503,36.7915793,Mama Maria hair salon,bbox
612008708,Kibera,hairdresser,1,0,-1.3151654,36.8026401,Naomi salon,bbox
612008710,Kibera,hairdresser,1,0,-1.3148725,36.8022724,Beauty salon,bbox
612008733,Kibera,hairdresser,1,0,-1.3114071,36.7942502,Boys to Men Kinyozi,bbox
612008750,Kibera,hairdresser,1,0,-1.311174,36.794949,Highbury kinyozi,bbox
612008753,Kibera,hairdresser,1,0,-1.3111331,36.7949129,Junction salon and kinyozi,bbox
612008809,Kibera,hairdresser,1,0,-1.3147399,36.7833089,,bbox
612008810,Kibera,hairdresser,1,0,-1.3147352,36.7832815,Tel Aviv Kinyozi,bbox
612008827,Kibera,hairdresser,1,0,-1.3148398,36.7847812,,bbox
612008855,Kibera,hairdresser,1,0,-1.3148924,36.7857703,Barber shop,bbox
612008858,Kibera,hairdresser,1,0,-1.3151167,36.7869152,Hunters kinyozi,bbox
612008942,Kibera,hairdresser,1,0,-1.3068502,36.7879956,Mama Yunnie saloon,bbox
612008944,Kibera,hairdresser,1,0,-1.3129287,36.7948886,Sunny line kinyozi,bbox
612008991,Kibera,hairdresser,1,0,-1.31145,36.7965374,Paris classic salon and kinyozi,bbox
612009004,Kibera,hairdresser,1,0,-1.3112537,36.7905672,Holly wood barber shop,bbox
612009076,Kibera,hairdresser,1,0,-1.3093783,36.7735658,,bbox
612009105,Kibera,hairdresser,1,0,-1.3130776,36.7996997,leah's salon,bbox
612009106,Kibera,hairdresser,1,0,-1.3130266,36.7997421,sistor salon,bbox
612009114,Kibera,hairdresser,1,0,-1.3138491,36.8009953,kinyozi shop,bbox
612009117,Kibera,hairdresser,1,0,-1.3141208,36.8012575,tosh kinyozi,bbox
612009130,Kibera,hairdresser,1,0,-1.3127237,36.7998083,Salon,bbox
612009158,Kibera,hairdresser,1,0,-1.31084,36.795911,White House Kinyozi,bbox
612009169,Kibera,hairdresser,1,0,-1.3124071,36.7920702,,bbox
612009171,Kibera,hairdresser,1,0,-1.3121804,36.7921478,salon,bbox
612009228,Kibera,hairdresser,1,0,-1.3113544,36.7768015,nyatanga hair saloon,bbox
612010579,Kibera,hairdresser,1,0,-1.3131474,36.7898848,Homeland Kinyozi&Salon,bbox
612010581,Kibera,hairdresser,1,0,-1.3134063,36.7901735,Puff Kinyozi,bbox
1224070569,Kibera,hairdresser,1,0,-1.3109602,36.7830055,Barber and Saloon,bbox
1691733178,Kibera,hairdresser,1,0,-1.3139989,36.7793055,Joy saloon,bbox
5559348157,Kibera,hairdresser,1,0,-1.2914657,36.7830783,Borderless Barbershop and Salon,bbox
10566929710,Kibera,hairdresser,1,0,-1.2952842,36.7977671,Westside hurlingham Barbers,bbox
13003772862,Kibera,hairdresser,1,0,-1.3185213,36.7789975,Night Salon,bbox
13003772865,Kibera,hairdresser,1,0,-1.3164562,36.7761234,Mama Eddy Salon,bbox
13433204301,Kibera,hairdresser,1,0,-1.318533,36.7790314,Night Salon,bbox
612008430,Kibera,hardware,1,0,-1.3127031,36.7772876,Mwangaza/CJ Welding Site,bbox
612008441,Kibera,hardware,1,0,-1.3121785,36.7786384,Ugenya Hardware,bbox
612008595,Kibera,hardware,1,0,-1.3117982,36.7993175,Traden Hadware,bbox
612008990,Kibera,hardware,1,0,-1.3114456,36.7964108,Jom timber hardware,bbox
612009001,Kibera,hardware,1,0,-1.3119224,36.7927272,Kapungala Hardware,bbox
612009011,Kibera,hardware,1,0,-1.3075984,36.7828086,makina harder,bbox
612010577,Kibera,hardware,1,0,-1.3116242,36.7879866,Hardware,bbox
1249726628,Kibera,hardware,1,0,-1.3091773,36.7861106,Bakah Investment LTD,bbox
1691655469,Kibera,hardware,1,0,-1.3132968,36.777408,Hardware,bbox
1691655473,Kibera,hardware,1,0,-1.3135139,36.7775267,Seboka steel and hardware,bbox
612006948,Kibera,kiosk,2,0,-1.3124555,36.7769539,Kiosks,bbox
612006966,Kibera,kiosk,2,0,-1.3134616,36.7774132,Baraka Shop,bbox
612007099,Kibera,kiosk,2,0,-1.3167933,36.7787784,wild kiosk,bbox
612007105,Kibera,kiosk,2,0,-1.3159192,36.7791021,Peters shop,bbox
612007508,Kibera,kiosk,2,0,-1.3187707,36.778355,Solanda Hotel,bbox
612007516,Kibera,kiosk,2,0,-1.3184738,36.7783287,Mama John's Kiosk,bbox
612007526,Kibera,kiosk,2,0,-1.3186663,36.7795699,Enos,bbox
612007625,Kibera,kiosk,2,0,-1.3134901,36.7759874,retail kiosks,bbox
612007769,Kibera,kiosk,2,0,-1.3126322,36.7986368,Twenty Four Hotel,bbox
612007819,Kibera,kiosk,2,0,-1.3138997,36.7877343,Kilimanjaro,bbox
612007829,Kibera,kiosk,2,0,-1.3133302,36.7899135,Sura Studio,bbox
612007845,Kibera,kiosk,2,0,-1.3119697,36.7884097,,bbox
612007855,Kibera,kiosk,2,0,-1.314936,36.7752442,Mama Obasanjo Hotel,bbox
612007885,Kibera,kiosk,2,0,-1.3152951,36.7771163,Wingo Dressmaking shop,bbox
612007916,Kibera,kiosk,2,0,-1.3163797,36.78111,,bbox
612007944,Kibera,kiosk,2,0,-1.3148612,36.7855228,Cham gi wadu hotel,bbox
612008155,Kibera,kiosk,2,0,-1.315557,36.7778195,Bazz valley kerosene pump,bbox
612008371,Kibera,kiosk,2,0,-1.317106,36.7780928,,bbox
612008372,Kibera,kiosk,2,0,-1.3170353,36.777951,Ebeneza Kiosk,bbox
612008373,Kibera,kiosk,2,0,-1.3178192,36.7783314,Mama James Tumaini shop,bbox
612008448,Kibera,kiosk,2,0,-1.316092,36.7817934,Focus 2000 Traders,bbox
612008493,Kibera,kiosk,2,0,-1.3105145,36.7758615,ayany kiosks,bbox
612008522,Kibera,kiosk,2,0,-1.3120005,36.7886143,,bbox
612008523,Kibera,kiosk,2,0,-1.3118085,36.7888549,Food kiosk,bbox
612008531,Kibera,kiosk,2,0,-1.3125033,36.7890987,hotel,bbox
612008535,Kibera,kiosk,2,0,-1.3116804,36.7897502,,bbox
612008542,Kibera,kiosk,2,0,-1.3111772,36.7890952,,bbox
612008545,Kibera,kiosk,2,0,-1.3109487,36.789435,,bbox
612008547,Kibera,kiosk,2,0,-1.311074,36.7892221,,bbox
612008561,Kibera,kiosk,2,0,-1.3145274,36.7976817,Dumani mini shop,bbox
612008564,Kibera,kiosk,2,0,-1.3133764,36.797097,Wendani Hotel,bbox
612008588,Kibera,kiosk,2,0,-1.3124008,36.7986786,Hotel De Vegas,bbox
612008589,Kibera,kiosk,2,0,-1.3122825,36.7988195,Home pride shop,bbox
612008590,Kibera,kiosk,2,0,-1.3123773,36.7987624,M pesa shop,bbox
612008591,Kibera,kiosk,2,0,-1.3121327,36.7993541,m Pesa S hop,bbox
612008593,Kibera,kiosk,2,0,-1.3115824,36.7991778,M- pesa Shop,bbox
612008594,Kibera,kiosk,2,0,-1.3116594,36.799134,M pesa Shop,bbox
612008597,Kibera,kiosk,2,0,-1.3111567,36.7994641,Wamuso Shop,bbox
612008598,Kibera,kiosk,2,0,-1.3112045,36.7995293,M pesa Shop,bbox
612008600,Kibera,kiosk,2,0,-1.3164138,36.776204,Green Grocer,bbox
612008601,Kibera,kiosk,2,0,-1.3157986,36.7754507,Neema Hotel,bbox
612008604,Kibera,kiosk,2,0,-1.3147878,36.775327,Baraka Shop,bbox
612008701,Kibera,kiosk,2,0,-1.3140771,36.8013179,Fair Dill shop,bbox
612008703,Kibera,kiosk,2,0,-1.311928,36.7991742,Joy Hotel,bbox
612008712,Kibera,kiosk,2,0,-1.3127986,36.8000091,Base shop,bbox
612008713,Kibera,kiosk,2,0,-1.3123134,36.7995143,Achievers Hotel,bbox
612008727,Kibera,kiosk,2,0,-1.3116432,36.7933675,Posho Mill,bbox
612008749,Kibera,kiosk,2,0,-1.3111884,36.7949698,Steve's Kiosk,bbox
612008794,Kibera,kiosk,2,0,-1.3148976,36.781095,,bbox
612008841,Kibera,kiosk,2,0,-1.3144855,36.7843548,,bbox
612008857,Kibera,kiosk,2,0,-1.3149991,36.7870167,Olpa's shop,bbox
612008859,Kibera,kiosk,2,0,-1.3149811,36.7864885,Baba Musimbi's shop,bbox
612008861,Kibera,kiosk,2,0,-1.314988,36.7866872,Northern Shop,bbox
612008879,Kibera,kiosk,2,0,-1.3134011,36.7773917,Big hotel,bbox
612008880,Kibera,kiosk,2,0,-1.3131666,36.7775436,BAZ music store,bbox
612008886,Kibera,kiosk,2,0,-1.3141786,36.7788939,Fidys wine and spirit,bbox
612008888,Kibera,kiosk,2,0,-1.3126021,36.7780138,m pesa shop,bbox
612008929,Kibera,kiosk,2,0,-1.3094065,36.7869385,Chacoal depot,bbox
612008932,Kibera,kiosk,2,0,-1.3078878,36.7877381,Kenshop/chemist,bbox
612008935,Kibera,kiosk,2,0,-1.3092696,36.7880925,kerosen shop,bbox
612008943,Kibera,kiosk,2,0,-1.3067921,36.7878514,Kavuli store,bbox
612008947,Kibera,kiosk,2,0,-1.3131832,36.7963749,Unique store,bbox
612008995,Kibera,kiosk,2,0,-1.3120676,36.7917805,Check point Economy shop,bbox
612009006,Kibera,kiosk,2,0,-1.3113099,36.7907978,Imilis Road Side Shop,bbox
612009075,Kibera,kiosk,2,0,-1.3101811,36.7757443,ayany safaricom house,bbox
612009077,Kibera,kiosk,2,0,-1.3096932,36.7758233,cooking gas shop,bbox
612009078,Kibera,kiosk,2,0,-1.3095467,36.7753985,Kiosks,bbox
612009079,Kibera,kiosk,2,0,-1.308893,36.7757988,ayany auto spares,bbox
612009081,Kibera,kiosk,2,0,-1.3164466,36.7792474,,bbox
612009083,Kibera,kiosk,2,0,-1.3157249,36.7785852,Osoro's shop,bbox
612009084,Kibera,kiosk,2,0,-1.3156255,36.7787146,,bbox
612009085,Kibera,kiosk,2,0,-1.3156826,36.7790452,,bbox
612009095,Kibera,kiosk,2,0,-1.3154179,36.7843036,Way side shop,bbox
612009101,Kibera,kiosk,2,0,-1.3135757,36.7993721,maunt kamel shop,bbox
612009110,Kibera,kiosk,2,0,-1.3134371,36.7994641,Kanini hotel,bbox
612009116,Kibera,kiosk,2,0,-1.3140798,36.801222,one way hotel,bbox
612009120,Kibera,kiosk,2,0,-1.313267,36.7995273,sony shop,bbox
612009122,Kibera,kiosk,2,0,-1.3152017,36.802788,chipo shop,bbox
612009123,Kibera,kiosk,2,0,-1.3143013,36.8014656,mama dadas shop,bbox
612009124,Kibera,kiosk,2,0,-1.3143956,36.8015427,samia shop,bbox
612009127,Kibera,kiosk,2,0,-1.3152767,36.8034992,Alpha hotel,bbox
612009129,Kibera,kiosk,2,0,-1.3152301,36.8032094,benway shop,bbox
612009132,Kibera,kiosk,2,0,-1.3128641,36.7999376,River Side Salon,bbox
612009167,Kibera,kiosk,2,0,-1.3126605,36.7920296,Mama Mwangi shop,bbox
612009199,Kibera,kiosk,2,0,-1.3108513,36.7743619,Keg Distribution Store,bbox
612009201,Kibera,kiosk,2,0,-1.3106638,36.7742516,mega mali distributers,bbox
612009203,Kibera,kiosk,2,0,-1.3111346,36.7755763,ayany cereal shop,bbox
612009212,Kibera,kiosk,2,0,-1.3089952,36.7731166,retal shop,bbox
612009220,Kibera,kiosk,2,0,-1.3083473,36.7730492,mpesa shop,bbox
612009272,Kibera,kiosk,2,0,-1.3069362,36.788381,Food Kiosk,bbox
612009360,Kibera,kiosk,2,0,-1.3156517,36.7839072,,bbox
612009361,Kibera,kiosk,2,0,-1.3158449,36.7841452,,bbox
612009377,Kibera,kiosk,2,0,-1.3152612,36.7855844,,bbox
612009384,Kibera,kiosk,2,0,-1.315415,36.7864193,,bbox
612009386,Kibera,kiosk,2,0,-1.315271,36.7866878,,bbox
612009389,Kibera,kiosk,2,0,-1.3149117,36.7871358,,bbox
612009578,Kibera,kiosk,2,0,-1.3143029,36.7819496,Glorious shop,bbox
612009708,Kibera,kiosk,2,0,-1.3108304,36.7873857,Anyole Express photo studio,bbox
612009829,Kibera,kiosk,2,0,-1.3104723,36.7738105,yu kianda shop,bbox
612009834,Kibera,kiosk,2,0,-1.3110589,36.7748732,m pesa shop,bbox
612009838,Kibera,kiosk,2,0,-1.3113587,36.7765039,mwananchi kibera poshomill,bbox
612010506,Kibera,kiosk,2,0,-1.3140733,36.7793063,Sunrise shop,bbox
612010509,Kibera,kiosk,2,0,-1.3130598,36.7776269,Baca investment,bbox
612010510,Kibera,kiosk,2,0,-1.3129306,36.7777288,Fresh from furthers,bbox
612011193,Kibera,kiosk,2,0,-1.3135013,36.7903502,hotel,bbox
612011195,Kibera,kiosk,2,0,-1.3134647,36.7904609,Food kiosk,bbox
1015583776,Kibera,kiosk,2,0,-1.3184596,36.7785537,Egesa mali/serial rahisi store,bbox
1691733189,Kibera,kiosk,2,0,-1.3128653,36.7796015,Kerosine pump,bbox
1727588858,Kibera,kiosk,2,0,-1.3151275,36.7798096,cues fry hotel,bbox
1775825788,Kibera,kiosk,2,0,-1.3086564,36.7852977,Coast dishes,bbox
1775825807,Kibera,kiosk,2,0,-1.3080761,36.783484,hotel,bbox
1801454721,Kibera,kiosk,2,0,-1.3083519,36.7730925,Nyumbani Cereals,bbox
1809764830,Kibera,kiosk,2,0,-1.3128193,36.7755711,Daima Shop,bbox
4864949110,Kibera,kiosk,2,0,-1.3246555,36.7857215,Fagi's Store,bbox
9000877269,Kibera,kiosk,2,0,-1.3158874,36.7755364,,bbox
9000946477,Kibera,kiosk,2,0,-1.3158799,36.7756182,Masai Mara Shop,bbox
9000964957,Kibera,kiosk,2,0,-1.3159444,36.7754432,Mama Bebe,bbox
9001028423,Kibera,kiosk,2,0,-1.3105996,36.7742415,Japuoyo General Shop,bbox
9001106717,Kibera,kiosk,2,0,-1.3103225,36.7739148,Japuoyo 2 General Shop,bbox
9001106718,Kibera,kiosk,2,0,-1.3111393,36.7761383,Kabogo Shop,bbox
9001106818,Kibera,kiosk,2,0,-1.3112861,36.776189,Jamungi Shop,bbox
9001115675,Kibera,kiosk,2,0,-1.3079673,36.77265,Carlifonia Eggs and Cereals Shop,bbox
9001246549,Kibera,kiosk,2,0,-1.3097298,36.7734741,Promise Investments,bbox
9001292465,Kibera,kiosk,2,0,-1.3102048,36.7736855,Kaka Cereal Shop,bbox
9003295688,Kibera,kiosk,2,0,-1.3102574,36.7729173,Kwa Maureen Kiosk,bbox
9003324311,Kibera,kiosk,2,0,-1.3100957,36.7728953,Mama Mum's Kiosk,bbox
9003326848,Kibera,kiosk,2,0,-1.3102856,36.7730064,Kwa Mkisii Kiosk,bbox
9003338610,Kibera,kiosk,2,0,-1.3104562,36.7735776,Mama Tracy Kiosk,bbox
9003342804,Kibera,kiosk,2,0,-1.3149723,36.775295,Comminity Shop,bbox
9003386959,Kibera,kiosk,2,0,-1.3113657,36.7739629,Waingo Shop,bbox
9003405543,Kibera,kiosk,2,0,-1.3112452,36.7741714,Uchumi Ndogo Shop,bbox
9003417458,Kibera,kiosk,2,0,-1.3113827,36.77412,Lucky Shop,bbox
9003455461,Kibera,kiosk,2,0,-1.31129,36.7745718,Baraka Shop,bbox
9003463490,Kibera,kiosk,2,0,-1.3111776,36.7761838,Mkamba Shop,bbox
9003480840,Kibera,kiosk,2,0,-1.3110459,36.7758654,The Global Shop,bbox
9003492819,Kibera,kiosk,2,0,-1.3113419,36.7764889,,bbox
9003496458,Kibera,kiosk,2,0,-1.3112392,36.7764782,Charity Kiosk,bbox
9003506661,Kibera,kiosk,2,0,-1.3114403,36.7765698,Mama Brian Shop,bbox
9003528976,Kibera,kiosk,2,0,-1.3169611,36.7787853,Smart Point,bbox
9003530579,Kibera,kiosk,2,0,-1.31374,36.7759518,Jacky Shop,bbox
9003531379,Kibera,kiosk,2,0,-1.3155697,36.7781738,Bob Kabob Shop,bbox
9003534117,Kibera,kiosk,2,0,-1.3132387,36.7758483,New Kegogi Shop,bbox
9003534561,Kibera,kiosk,2,0,-1.316488,36.7761101,Bridgeway Mini Shop,bbox
9003534915,Kibera,kiosk,2,0,-1.3136903,36.7759425,Mwamba Shop,bbox
9003535248,Kibera,kiosk,2,0,-1.3161467,36.7756983,Soweto Shop Shalom,bbox
9003540844,Kibera,kiosk,2,0,-1.3170306,36.77877,,bbox
9003546733,Kibera,kiosk,2,0,-1.3170783,36.7785846,,bbox
9003550167,Kibera,kiosk,2,0,-1.3169568,36.7786852,Grandma Shop,bbox
9013406829,Kibera,kiosk,2,0,-1.3153192,36.7751736,Nyamuro Shop,bbox
9013410760,Kibera,kiosk,2,0,-1.3155037,36.7753489,Maasai Soweto Shop,bbox
9013410761,Kibera,kiosk,2,0,-1.3147525,36.7753791,Masai Cheupe Shop,bbox
9013411870,Kibera,kiosk,2,0,-1.3151141,36.7752873,,bbox
9013414893,Kibera,kiosk,2,0,-1.3131848,36.7798171,Wach Mon Ten Kiosk,bbox
9013437759,Kibera,kiosk,2,0,-1.3129911,36.7794596,Masai Mara Shop,bbox
9013449008,Kibera,kiosk,2,0,-1.3143611,36.7754281,Mama Esther Shop,bbox
9013455317,Kibera,kiosk,2,0,-1.3144698,36.7754301,Members/Shop,bbox
9013470620,Kibera,kiosk,2,0,-1.3143808,36.7755746,Mayai Depot,bbox
9013535035,Kibera,kiosk,2,0,-1.315084,36.7768974,Champion Shop,bbox
9013540575,Kibera,kiosk,2,0,-1.3141983,36.7758742,Anyole Stores,bbox
9013550369,Kibera,kiosk,2,0,-1.3149716,36.7768082,,bbox
9013556564,Kibera,kiosk,2,0,-1.3140298,36.7795894,Masai General,bbox
9013727226,Kibera,kiosk,2,0,-1.3125682,36.7791153,Sarah Shop,bbox
9013748321,Kibera,kiosk,2,0,-1.3125485,36.7789508,,bbox
9013872857,Kibera,kiosk,2,0,-1.3120471,36.7782755,,bbox
9013918168,Kibera,kiosk,2,0,-1.3115918,36.7781283,,bbox
9013926545,Kibera,kiosk,2,0,-1.3110325,36.7787554,,bbox
9016719088,Kibera,kiosk,2,0,-1.3132472,36.7776967,Kebirigo General Shop,bbox
9016755664,Kibera,kiosk,2,0,-1.3133436,36.7775579,Extreme Enterprises Shop,bbox
9016758276,Kibera,kiosk,2,0,-1.3131664,36.7775507,Nyamira Shop,bbox
9016774689,Kibera,kiosk,2,0,-1.3129097,36.7775538,Mama Ian's Shop,bbox
9016806790,Kibera,kiosk,2,0,-1.3129383,36.7773464,,bbox
9016884683,Kibera,kiosk,2,0,-1.3132577,36.7774777,Jones Shop,bbox
9016932605,Kibera,kiosk,2,0,-1.3125472,36.7779901,Neighbours Shop,bbox
9016976659,Kibera,kiosk,2,0,-1.3118711,36.7770885,Baraka Tele Shop,bbox
9016976683,Kibera,kiosk,2,0,-1.3149672,36.7859452,,bbox
9016986767,Kibera,kiosk,2,0,-1.3119683,36.7780061,,bbox
9016995280,Kibera,kiosk,2,0,-1.311903,36.7771836,G and F Shop,bbox
9016995304,Kibera,kiosk,2,0,-1.3149758,36.7861412,,bbox
9017010145,Kibera,kiosk,2,0,-1.3117794,36.777386,Sigalame Mini Mart,bbox
9017010529,Kibera,kiosk,2,0,-1.3118825,36.7779883,,bbox
9017022593,Kibera,kiosk,2,0,-1.3149321,36.7853867,Ebenezer Shop,bbox
9017043990,Kibera,kiosk,2,0,-1.314981,36.7863112,Premium Shop,bbox
9017060774,Kibera,kiosk,2,0,-1.3149003,36.7851177,,bbox
9017065142,Kibera,kiosk,2,0,-1.3145948,36.7846935,,bbox
9017073020,Kibera,kiosk,2,0,-1.3146488,36.783921,,bbox
9017078591,Kibera,kiosk,2,0,-1.3157267,36.7828199,,bbox
9037519396,Kibera,kiosk,2,0,-1.3146008,36.7835701,Katumba,bbox
9037542610,Kibera,kiosk,2,0,-1.3146611,36.7835289,Vigilant Gen Shop and Cereals,bbox
9037554837,Kibera,kiosk,2,0,-1.3147203,36.7830373,Petty Retail Shop,bbox
9037566279,Kibera,kiosk,2,0,-1.3143915,36.7823002,Saidi Shop,bbox
9037719175,Kibera,kiosk,2,0,-1.3139194,36.7822368,Njia Boma Kiosk,bbox
9396356417,Kibera,kiosk,2,0,-1.3127156,36.7774997,Shop and Cereals,bbox
9396361817,Kibera,kiosk,2,0,-1.3132585,36.7775799,Food kiosk /Shop,bbox
9396397617,Kibera,kiosk,2,0,-1.3137294,36.7760117,Cereals Shop,bbox
9396467817,Kibera,kiosk,2,0,-1.3155539,36.7789792,Uchumi Ndogo,bbox
9396474818,Kibera,kiosk,2,0,-1.315405,36.7791399,,bbox
9396487117,Kibera,kiosk,2,0,-1.3153264,36.7792632,Mpenzi wa Mungu Shop,bbox
9396493317,Kibera,kiosk,2,0,-1.3153305,36.7793415,Phelo Shop,bbox
9396504617,Kibera,kiosk,2,0,-1.315314,36.7793823,Jabilo Shop,bbox
9396530517,Kibera,kiosk,2,0,-1.3151196,36.7796252,Aloo Enterprise,bbox
9396532318,Kibera,kiosk,2,0,-1.315027,36.7798454,Umoja Shop,bbox
9396540117,Kibera,kiosk,2,0,-1.3156819,36.7799054,,bbox
9396545717,Kibera,kiosk,2,0,-1.3158467,36.7804014,,bbox
9399155517,Kibera,kiosk,2,0,-1.3150333,36.7802267,,bbox
9399155518,Kibera,kiosk,2,0,-1.3147866,36.7806177,Blackman Shop,bbox
9399155519,Kibera,kiosk,2,0,-1.3149814,36.7810213,Mastared Shop,bbox
9399162417,Kibera,kiosk,2,0,-1.3151419,36.7806161,,bbox
9399163217,Kibera,kiosk,2,0,-1.3151163,36.7809054,,bbox
9399166717,Kibera,kiosk,2,0,-1.3148974,36.7809889,,bbox
9399166719,Kibera,kiosk,2,0,-1.3148022,36.7813142,,bbox
9399171017,Kibera,kiosk,2,0,-1.3144867,36.7814428,Our Shop,bbox
9399172017,Kibera,kiosk,2,0,-1.3145644,36.781709,Samco Shop,bbox
9399173217,Kibera,kiosk,2,0,-1.3143889,36.7818352,Private Stores,bbox
9399185317,Kibera,kiosk,2,0,-1.3141184,36.7815753,,bbox
9399187418,Kibera,kiosk,2,0,-1.3139342,36.782252,Kajiando Shop,bbox
9399192717,Kibera,kiosk,2,0,-1.3139387,36.781782,,bbox
9399199517,Kibera,kiosk,2,0,-1.3143993,36.7823338,Effort Shop,bbox
9399201817,Kibera,kiosk,2,0,-1.3143577,36.782464,,bbox
9399209317,Kibera,kiosk,2,0,-1.3146126,36.7826468,Obomo shop,bbox
9399273018,Kibera,kiosk,2,0,-1.3148658,36.7851727,Mama Ashton,bbox
9399273019,Kibera,kiosk,2,0,-1.3152904,36.7855239,,bbox
9399274518,Kibera,kiosk,2,0,-1.3143616,36.7843721,,bbox
9399280717,Kibera,kiosk,2,0,-1.3147233,36.7830083,Masai Obama Shop,bbox
9399280718,Kibera,kiosk,2,0,-1.3147298,36.784469,,bbox
9399287519,Kibera,kiosk,2,0,-1.3149647,36.78512,,bbox
9399287520,Kibera,kiosk,2,0,-1.3148737,36.784996,,bbox
9399288617,Kibera,kiosk,2,0,-1.3149121,36.7834428,,bbox
9399288618,Kibera,kiosk,2,0,-1.3141904,36.7841787,,bbox
9399288619,Kibera,kiosk,2,0,-1.3152621,36.7847312,,bbox
9399307017,Kibera,kiosk,2,0,-1.3151731,36.7854738,,bbox
12886281787,Kibera,kiosk,2,0,-1.3154631,36.8032014,Highrise,bbox
13003772863,Kibera,kiosk,2,0,-1.3176538,36.7770023,Kings Shop,bbox
612008375,Kibera,laundry,2,0,-1.3168101,36.7776039,Rocky Valley Tailor Shop,bbox
612008433,Kibera,laundry,2,0,-1.3124006,36.7780596,Robin Express Dry-cleaner,bbox
612008817,Kibera,laundry,2,0,-1.3147605,36.7837447,Brichans laundry,bbox
612009102,Kibera,laundry,2,0,-1.3133654,36.7995332,faith tailaring,bbox
612009115,Kibera,laundry,2,0,-1.3138683,36.801029,life stile dressing,bbox
612009699,Kibera,laundry,2,0,-1.3145419,36.7844425,Sega Laundry,bbox
612010733,Kibera,laundry,2,0,-1.3117155,36.7923136,jahomabay,bbox
4745273535,Kibera,laundry,2,0,-1.3110497,36.7761645,Clothes Cleaners,bbox
612004553,Kibera,pharmacy,1,0,-1.3144232,36.7827122,lakaside chemist,bbox
612004989,Kibera,pharmacy,1,0,-1.3106044,36.7923902,community chemist,bbox
612006973,Kibera,pharmacy,1,0,-1.3117701,36.7927883,Mwangaza Chemist,bbox
612007120,Kibera,pharmacy,1,0,-1.309689,36.7868134,Alshariff chemist,bbox
612007454,Kibera,pharmacy,1,0,-1.3069635,36.7870738,Amanda Chemist,bbox
612008350,Kibera,pharmacy,1,0,-1.315,36.7859881,Nafuu chemist,bbox
612008410,Kibera,pharmacy,1,0,-1.3096893,36.7859966,Raisi chemist,bbox
612008688,Kibera,pharmacy,1,0,-1.3118057,36.7924839,Rose Pharmacy,bbox
612008803,Kibera,pharmacy,1,0,-1.3144838,36.7826673,Lake side clinic,bbox
612008876,Kibera,pharmacy,1,0,-1.3135619,36.7774467,Elmac Chemist,bbox
612008905,Kibera,pharmacy,1,0,-1.3144691,36.7903394,Loving Hearts Dispensary,bbox
612008945,Kibera,pharmacy,1,0,-1.3129475,36.7949758,Bedan Clinic,bbox
612008958,Kibera,pharmacy,1,0,-1.3119244,36.7938832,St. Edith Clinic,bbox
612009048,Kibera,pharmacy,1,0,-1.3178475,36.7992748,Silanga ACK Emmanuel Clinic and Lab,bbox
612009072,Kibera,pharmacy,1,0,-1.3108588,36.7758463,Lee-Med Chemist,bbox
612009096,Kibera,pharmacy,1,0,-1.314752,36.7841913,Mizima Chemist,bbox
612009233,Kibera,pharmacy,1,0,-1.309082,36.7903898,Goodwill Chemist,bbox
612009235,Kibera,pharmacy,1,0,-1.3075107,36.7889224,Chemist,bbox
612009390,Kibera,pharmacy,1,0,-1.3143199,36.7824399,Kibera Family Drugs and Medication Information Centre,bbox
612009706,Kibera,pharmacy,1,0,-1.3077136,36.7861039,Herbal Chemist,bbox
612010343,Kibera,pharmacy,1,0,-1.3147676,36.7842819,Mzima Chemist,bbox
612010735,Kibera,pharmacy,1,0,-1.3117524,36.7926652,Esther Pharmacy,bbox
612011308,Kibera,pharmacy,1,0,-1.3131964,36.7973847,Cahm Herbal and Nutrition Clinic,bbox
612011373,Kibera,pharmacy,1,0,-1.311816,36.7979024,Eagle's Family Clinic,bbox
612011505,Kibera,pharmacy,1,0,-1.3169664,36.7966099,Carol Medical Clinic,bbox
696555670,Kibera,pharmacy,1,0,-1.3086289,36.7730892,parkside dispensing chemist,bbox
696610501,Kibera,pharmacy,1,0,-1.3147088,36.7763032,Hope Chemist,bbox
696610502,Kibera,pharmacy,1,0,-1.315484,36.775462,Mini Prime Chemist,bbox
696655680,Kibera,pharmacy,1,0,-1.3130303,36.7775527,Neema,bbox
696655689,Kibera,pharmacy,1,0,-1.3130412,36.7798683,Ledos,bbox
696655693,Kibera,pharmacy,1,0,-1.3117037,36.7773192,Pollar pharm,bbox
696655697,Kibera,pharmacy,1,0,-1.3124115,36.7781982,Nafuu Chemist,bbox
696655707,Kibera,pharmacy,1,0,-1.3116403,36.7782091,Lazarus Herbal Solution,bbox
696656807,Kibera,pharmacy,1,0,-1.3163293,36.7950543,Mid Rift Chemist,bbox
696656808,Kibera,pharmacy,1,0,-1.3167834,36.7955008,Silanga Pharmacy,bbox
696677374,Kibera,pharmacy,1,0,-1.3133638,36.785417,St Beeja Chemist,bbox
696677376,Kibera,pharmacy,1,0,-1.3127699,36.7892366,Chemist,bbox
696772525,Kibera,pharmacy,1,0,-1.3167646,36.7949559,Organic Chemist,bbox
698467045,Kibera,pharmacy,1,0,-1.3077532,36.7828482,Beienish Chemist,bbox
698467048,Kibera,pharmacy,1,0,-1.3085224,36.7841332,Home Pharmacy,bbox
698467060,Kibera,pharmacy,1,0,-1.3082133,36.783799,Chemist,bbox
698476596,Kibera,pharmacy,1,0,-1.3075323,36.7826819,Herberlist,bbox
698476716,Kibera,pharmacy,1,0,-1.3076781,36.7826336,Quick Pharmacy,bbox
698476726,Kibera,pharmacy,1,0,-1.3078314,36.7831506,Pona Chemist,bbox
698478562,Kibera,pharmacy,1,0,-1.3085474,36.7856507,Jamii Chemist,bbox
698525854,Kibera,pharmacy,1,0,-1.3113121,36.7874552,Jaribu Herbs,bbox
698525856,Kibera,pharmacy,1,0,-1.3114775,36.7881186,Herbalist,bbox
698541828,Kibera,pharmacy,1,0,-1.3121943,36.7923376,Community Chemist,bbox
698541830,Kibera,pharmacy,1,0,-1.3124734,36.7924258,St Edith,bbox
698541837,Kibera,pharmacy,1,0,-1.312037,36.7923911,Meru Chemist,bbox
698541840,Kibera,pharmacy,1,0,-1.3119095,36.7926738,Jahoma Bay Chemist,bbox
698592301,Kibera,pharmacy,1,0,-1.3087718,36.7901495,Chemist,bbox
698592302,Kibera,pharmacy,1,0,-1.3090739,36.790384,Chemist,bbox
698592304,Kibera,pharmacy,1,0,-1.3080445,36.7894352,Chemist,bbox
698592305,Kibera,pharmacy,1,0,-1.314296,36.7960183,community,bbox
698592314,Kibera,pharmacy,1,0,-1.3122271,36.7977084,Chemist,bbox
698602287,Kibera,pharmacy,1,0,-1.3121023,36.7783046,Balozi,bbox
698602288,Kibera,pharmacy,1,0,-1.3119434,36.7783566,Amalasia,bbox
698602290,Kibera,pharmacy,1,0,-1.3124345,36.7822737,REMS,bbox
698602292,Kibera,pharmacy,1,0,-1.3059372,36.7875633,Kibera Herbalist,bbox
698629331,Kibera,pharmacy,1,0,-1.3154417,36.7790203,Hiltop Chemist,bbox
698629339,Kibera,pharmacy,1,0,-1.3153123,36.7793682,Blue Cross Community Chemist,bbox
698629343,Kibera,pharmacy,1,0,-1.314895,36.7847122,Nango Chemist,bbox
701794585,Kibera,pharmacy,1,0,-1.3121691,36.7752627,Jamii Chemist,bbox
701794601,Kibera,pharmacy,1,0,-1.3111346,36.7750931,Sisi Chemist,bbox
701794605,Kibera,pharmacy,1,0,-1.3111319,36.7756493,Ayany Chemist,bbox
701794614,Kibera,pharmacy,1,0,-1.3111207,36.776079,Terminus Chemist,bbox
701794619,Kibera,pharmacy,1,0,-1.3105992,36.7757249,Omweri Chemist,bbox
701794627,Kibera,pharmacy,1,0,-1.3096087,36.7732727,Rahisi Pharmacy,bbox
701794632,Kibera,pharmacy,1,0,-1.3101169,36.7734887,YU 42Chemist,bbox
701794691,Kibera,pharmacy,1,0,-1.3108623,36.7816908,Olive Chemist,bbox
701794697,Kibera,pharmacy,1,0,-1.3100685,36.780605,Karanja Chemist,bbox
701794717,Kibera,pharmacy,1,0,-1.3113608,36.7828675,Jadunga Chemist,bbox
701794734,Kibera,pharmacy,1,0,-1.3109184,36.7831096,Brimart Chemist,bbox
701797825,Kibera,pharmacy,1,0,-1.3114452,36.7902544,Community chemist,bbox
701797853,Kibera,pharmacy,1,0,-1.3164404,36.7948678,Jomingo Chemist,bbox
701797857,Kibera,pharmacy,1,0,-1.3163416,36.7951081,community chemist,bbox
708659008,Kibera,pharmacy,1,0,-1.3078404,36.7820031,Ado pharm Chemist,bbox
708685448,Kibera,pharmacy,1,0,-1.3114328,36.7873282,Community Herbalist,bbox
708685449,Kibera,pharmacy,1,0,-1.3108793,36.7883787,Mt. Kenya Chemist,bbox
708731820,Kibera,pharmacy,1,0,-1.3111486,36.7755719,Ja dunga,bbox
708750143,Kibera,pharmacy,1,0,-1.3179486,36.7990293,Kisum Community Pharmacy,bbox
708750160,Kibera,pharmacy,1,0,-1.3147918,36.8002154,Nyasira Chemist,bbox
874841892,Kibera,pharmacy,1,0,-1.3147947,36.7922037,Community Chemist,bbox
911044039,Kibera,pharmacy,1,0,-1.2944971,36.8068848,Upper Hill Medical Centre,bbox
1204018371,Kibera,pharmacy,1,0,-1.3274282,36.7891308,Langata Chemists,bbox
1249726647,Kibera,pharmacy,1,0,-1.3096646,36.786077,Rahisi Chemist,bbox
1249779969,Kibera,pharmacy,1,0,-1.3076061,36.7826426,Brimat Chemist,bbox
1691733175,Kibera,pharmacy,1,0,-1.3121477,36.7785696,Capital Chemist,bbox
1722620244,Kibera,pharmacy,1,0,-1.3166329,36.7761818,Lindex Dispensing Chemist,bbox
1722668365,Kibera,pharmacy,1,0,-1.3115149,36.7783202,Stage chemist,bbox
1727588861,Kibera,pharmacy,1,0,-1.3130861,36.7823436,family drug center,bbox
1727588883,Kibera,pharmacy,1,0,-1.3151478,36.7794846,toresh chemist,bbox
1746645844,Kibera,pharmacy,1,0,-1.3068658,36.8020944,Ngumo Pharmacy,bbox
1771323211,Kibera,pharmacy,1,0,-1.3155271,36.7927989,Chemist,bbox
1801454683,Kibera,pharmacy,1,0,-1.3111143,36.774943,Ant Hill Chemist,bbox
1804804159,Kibera,pharmacy,1,0,-1.3105009,36.7739834,Triwam Pharmacy,bbox
1875796688,Kibera,pharmacy,1,0,-1.3047254,36.7746747,Woodley,bbox
2051080150,Kibera,pharmacy,1,0,-1.3151091,36.7998541,cheupe chemist,bbox
2052594494,Kibera,pharmacy,1,0,-1.3111604,36.7950002,St Edith,bbox
2429056286,Kibera,pharmacy,1,0,-1.3139983,36.7769308,Endojet,bbox
2433643012,Kibera,pharmacy,1,0,-1.3105059,36.7741319,ramogi chemist,bbox
2438933686,Kibera,pharmacy,1,0,-1.3125053,36.7755139,Barod clinic,bbox
2444298591,Kibera,pharmacy,1,0,-1.3119061,36.7749969,chemist,bbox
2452590954,Kibera,pharmacy,1,0,-1.3155131,36.7788593,,bbox
2452885307,Kibera,pharmacy,1,0,-1.3150268,36.7870608,chemist,bbox
2456557487,Kibera,pharmacy,1,0,-1.314381,36.7820663,,bbox
2456557497,Kibera,pharmacy,1,0,-1.3145235,36.7813515,,bbox
2456557502,Kibera,pharmacy,1,0,-1.3146086,36.7808497,,bbox
2456557504,Kibera,pharmacy,1,0,-1.3146341,36.7845498,,bbox
5295711139,Kibera,pharmacy,1,0,-1.3154332,36.7930962,community chemist,bbox
5295842439,Kibera,pharmacy,1,0,-1.3156205,36.7934918,Friends chemist,bbox
5412285972,Kibera,pharmacy,1,0,-1.3032962,36.7717793,,bbox
5414200443,Kibera,pharmacy,1,0,-1.3001528,36.7885567,"Goodlife Pharmacy, Total Ngong Road",bbox
5414200513,Kibera,pharmacy,1,0,-1.2952192,36.7979745,Rosegate Pharmacy,bbox
5414200519,Kibera,pharmacy,1,0,-1.2947068,36.7971086,Malibu Pharmacy Ltd,bbox
5414280550,Kibera,pharmacy,1,0,-1.2929993,36.7879856,Yaya Chemists Limited,bbox
5414335722,Kibera,pharmacy,1,0,-1.2943735,36.7986474,Linkemmed Pharmacy,bbox
6007565090,Kibera,pharmacy,1,0,-1.2960739,36.8082268,5th Avenue Ngong Pharmacy,bbox
13952691701,Kibera,pharmacy,1,0,-1.2925595,36.7857564,Pharmaplus,bbox
30088423,Kibera,restaurant,1,0,-1.2923537,36.8062511,China Plate,bbox
30210243,Kibera,restaurant,1,0,-1.294902,36.7996806,The Blues,bbox
30210244,Kibera,restaurant,1,0,-1.2949839,36.7981018,Shanghai Restaurant,bbox
30210293,Kibera,restaurant,1,0,-1.293115,36.7933716,New Beijing Restaurant,bbox
315205740,Kibera,restaurant,1,0,-1.2922001,36.782942,Diners Gardens,bbox
473447888,Kibera,restaurant,1,0,-1.2923256,36.779866,Habesha,bbox
571733403,Kibera,restaurant,1,0,-1.2957893,36.8071943,Savannah Upper Hill,bbox
612008498,Kibera,restaurant,1,0,-1.3091266,36.7757061,4u2 bar and restaurant,bbox
612009164,Kibera,restaurant,1,0,-1.3107184,36.7960409,Cate take away hotel,bbox
702366033,Kibera,restaurant,1,0,-1.2963565,36.7796753,Smart Village,bbox
771252811,Kibera,restaurant,1,0,-1.2991259,36.791691,The Agenda,bbox
842042537,Kibera,restaurant,1,0,-1.2949522,36.7970213,Tamasha Hurlingham,bbox
948311709,Kibera,restaurant,1,0,-1.3071557,36.7865741,Muscat Bar and Restaurant,bbox
1204011721,Kibera,restaurant,1,0,-1.3242908,36.7961788,The Headquarters Inn,bbox
1333670146,Kibera,restaurant,1,0,-1.2917346,36.795884,Checkers inn Bar & restaurant,bbox
1727588852,Kibera,restaurant,1,0,-1.3147634,36.7805112,beba beba hotel,bbox
1727588877,Kibera,restaurant,1,0,-1.3146578,36.780772,mama obama hotel,bbox
3996188572,Kibera,restaurant,1,0,-1.2948261,36.7999469,Kula Korner,bbox
4075648759,Kibera,restaurant,1,0,-1.2947784,36.7872703,Newscafe - Adlife (Kilimani),bbox
4075662155,Kibera,restaurant,1,0,-1.2948368,36.7872865,Big Square,bbox
4178774490,Kibera,restaurant,1,0,-1.3005394,36.7820246,Damera,bbox
4592077893,Kibera,restaurant,1,0,-1.2970463,36.8024915,,bbox
4772237778,Kibera,restaurant,1,0,-1.293612,36.7950745,Pablo's,bbox
4838534021,Kibera,restaurant,1,0,-1.3251817,36.7967782,Le 63 Lounge & Restaurant,bbox
4923541341,Kibera,restaurant,1,0,-1.2943488,36.7990948,Nook,bbox
4966765923,Kibera,restaurant,1,0,-1.2934686,36.785158,Caribbean,bbox
5328528781,Kibera,restaurant,1,0,-1.2975822,36.7911663,Soiree Gardens Restaurant,bbox
5329314570,Kibera,restaurant,1,0,-1.2930182,36.7779456,Under The Radar,bbox
5334928939,Kibera,restaurant,1,0,-1.2913348,36.770383,La Salumeria Restaurant,bbox
5383793281,Kibera,restaurant,1,0,-1.2953166,36.8060699,Harbin Restaurant,bbox
5383793282,Kibera,restaurant,1,0,-1.2953043,36.806264,Tupelo Restaurant- African & Continental Dishes,bbox
5401775774,Kibera,restaurant,1,0,-1.3046842,36.8004825,Awash Ethiopian Restaurant,bbox
5401775798,Kibera,restaurant,1,0,-1.3004602,36.7956411,Hartebeest Camp And Guest House,bbox
5401775805,Kibera,restaurant,1,0,-1.3007247,36.7945562,New Visa Place Restaurant,bbox
5412286001,Kibera,restaurant,1,0,-1.2999836,36.772962,Onyx Lounge & Restaurant,bbox
5412286002,Kibera,restaurant,1,0,-1.2998932,36.7732098,Kafein Bistro,bbox
5412286009,Kibera,restaurant,1,0,-1.2988722,36.7741841,Chef & Chef,bbox
5412286141,Kibera,restaurant,1,0,-1.29913,36.7771105,Dae Jang Geum,bbox
5412286144,Kibera,restaurant,1,0,-1.2994881,36.7790693,Aroma Spot Restaurant,bbox
5412286145,Kibera,restaurant,1,0,-1.2990799,36.7788003,The Bing Restaurant,bbox
5412286168,Kibera,restaurant,1,0,-1.3008572,36.7804822,Jamret Restaurant,bbox
5412286169,Kibera,restaurant,1,0,-1.3020824,36.7797557,Pilau Place,bbox
5412286173,Kibera,restaurant,1,0,-1.300479,36.781691,Damera Restaurant And Club,bbox
5412286187,Kibera,restaurant,1,0,-1.3025243,36.7813729,Kontainer City Restaurant,bbox
5412286201,Kibera,restaurant,1,0,-1.2991721,36.7839618,BLVCK Lounge,bbox
5412286202,Kibera,restaurant,1,0,-1.2994451,36.7843272,The Cave,bbox
5412286532,Kibera,restaurant,1,0,-1.3003352,36.7846388,Motherland Inn Restaurant,bbox
5414007497,Kibera,restaurant,1,0,-1.2944252,36.7911984,Mama Oliech Restaurant,bbox
5414007498,Kibera,restaurant,1,0,-1.2942425,36.7913157,Han Di Yuan Restaurant,bbox
5414007500,Kibera,restaurant,1,0,-1.2947232,36.7912792,Lalls Take Away,bbox
5414007501,Kibera,restaurant,1,0,-1.2948866,36.7913099,Food Basket,bbox
5414008444,Kibera,restaurant,1,0,-1.2982473,36.7904965,Lucie Cafe and Restaurant,bbox
5414008445,Kibera,restaurant,1,0,-1.2980435,36.7897753,Chateau Rouge,bbox
5414008446,Kibera,restaurant,1,0,-1.2980819,36.7892157,Cakes.co.ke,bbox
5414008463,Kibera,restaurant,1,0,-1.3010177,36.7868715,1001 Nights Restaurant,bbox
5414008465,Kibera,restaurant,1,0,-1.3008851,36.7874349,Bombay Chowpaty Ltd,bbox
5414008466,Kibera,restaurant,1,0,-1.3008274,36.787308,Chinese Corner (Ngong) Ltd,bbox
5414008472,Kibera,restaurant,1,0,-1.3009389,36.7872311,Punjabi By Nature,bbox
5414008475,Kibera,restaurant,1,0,-1.3007447,36.7869695,Mocca,bbox
5414008476,Kibera,restaurant,1,0,-1.300762,36.7869003,Urban Burger,bbox
5414008481,Kibera,restaurant,1,0,-1.3006486,36.7876792,Zigna Coffee shop,bbox
5414008484,Kibera,restaurant,1,0,-1.3017906,36.7886003,Foglia 雾都利亚,bbox
5414008486,Kibera,restaurant,1,0,-1.3001655,36.7846757,"Tofu Square, Imperial City Pot 豆腐坊、皇城火锅",bbox
5414008488,Kibera,restaurant,1,0,-1.3005606,36.785675,The Sport Pool Bar,bbox
5414008507,Kibera,restaurant,1,0,-1.2988031,36.7845939,Menelik House,bbox
5414008554,Kibera,restaurant,1,0,-1.2989298,36.7864927,Space Lounge Bar & Grill,bbox
5414008566,Kibera,restaurant,1,0,-1.2990461,36.7869695,Café Tal,bbox
5414200444,Kibera,restaurant,1,0,-1.3001464,36.7887753,Bounjour Restaurant,bbox
5414200446,Kibera,restaurant,1,0,-1.3010569,36.7891443,The Coconut Ltd Nairobi,bbox
5414200464,Kibera,restaurant,1,0,-1.2997581,36.7919678,Arts & Soul Lounge,bbox
5414200488,Kibera,restaurant,1,0,-1.2978288,36.7942272,Ashaki Grill,bbox
5414200494,Kibera,restaurant,1,0,-1.2958763,36.7998734,Chinese hotel,bbox
5414200505,Kibera,restaurant,1,0,-1.2955372,36.7987698,Kyheo Restaurant,bbox
5414200512,Kibera,restaurant,1,0,-1.2952324,36.7980541,Seafood Center,bbox
5414201174,Kibera,restaurant,1,0,-1.2959759,36.7951668,Saffron Indian Kitchen,bbox
5414201184,Kibera,restaurant,1,0,-1.2939319,36.7935937,Ethiopian Restaurant,bbox
5414201189,Kibera,restaurant,1,0,-1.2942592,36.7937284,Yedil Cafe & Restaurant,bbox
5414201210,Kibera,restaurant,1,0,-1.2939432,36.7928578,Sa'ani African Bistro,bbox
5414201222,Kibera,restaurant,1,0,-1.2960507,36.7933628,Dejina Smart Village Restaurant,bbox
5414201227,Kibera,restaurant,1,0,-1.2950577,36.7907928,Pete's Coffee Chania,bbox
5414280544,Kibera,restaurant,1,0,-1.2927625,36.7877393,Pizza Hut,bbox
5414280545,Kibera,restaurant,1,0,-1.2929447,36.7877345,Chinese Kitchen & Dim Sum House,bbox
5414280548,Kibera,restaurant,1,0,-1.2929258,36.787933,Dorman's Cafe,bbox
5414280551,Kibera,restaurant,1,0,-1.292837,36.7876523,Nyama Mama Xpress,bbox
5414280552,Kibera,restaurant,1,0,-1.2929412,36.7878439,Artcaffe Yaya,bbox
5414280553,Kibera,restaurant,1,0,-1.293062,36.7875645,Alexandre Choclatier,bbox
5414280554,Kibera,restaurant,1,0,-1.2933999,36.7877476,Minar Restaurant Ltd,bbox
5414280560,Kibera,restaurant,1,0,-1.2930824,36.7879029,Absolute Juice,bbox
5414280566,Kibera,restaurant,1,0,-1.2945581,36.7871642,KAI Sushi Bar Nairobi,bbox
5414280567,Kibera,restaurant,1,0,-1.294897,36.7871832,Kivirio Desserts,bbox
5414280568,Kibera,restaurant,1,0,-1.2948321,36.7879466,Rubycut,bbox
5414280585,Kibera,restaurant,1,0,-1.2934846,36.7859257,Peppermint Grove,bbox
5414335598,Kibera,restaurant,1,0,-1.2923208,36.7906043,Mohni Restaurant,bbox
5414335599,Kibera,restaurant,1,0,-1.2925503,36.790693,The Future Lounge,bbox
5414335602,Kibera,restaurant,1,0,-1.2922113,36.7922139,Capri7 Restaurant & Bar,bbox
5414335608,Kibera,restaurant,1,0,-1.2927538,36.7919165,Chicken Roost,bbox
5414335609,Kibera,restaurant,1,0,-1.2929572,36.7920209,Chinese Dumpling House,bbox
5414335610,Kibera,restaurant,1,0,-1.2927825,36.7923861,Silk Noodles,bbox
5414335617,Kibera,restaurant,1,0,-1.2922113,36.7951698,Jingling Chinese Restaurant,bbox
5414335723,Kibera,restaurant,1,0,-1.2938753,36.7989605,ANPA Restaurant,bbox
5414335735,Kibera,restaurant,1,0,-1.2946343,36.7992448,Chopstix Restaurant,bbox
5414335736,Kibera,restaurant,1,0,-1.2947438,36.7996909,Mc Fry's-Hurlingham,bbox
5414335737,Kibera,restaurant,1,0,-1.2946604,36.7998918,The Shirpa,bbox
5428924102,Kibera,restaurant,1,0,-1.2918624,36.7908057,Golden Spot Bar & Restaurant,bbox
5440491077,Kibera,restaurant,1,0,-1.292843,36.7815046,Garden Fresh Dishes,bbox
5440538387,Kibera,restaurant,1,0,-1.2943836,36.7746906,Sanjha Chulha Restaurant,bbox
5440538392,Kibera,restaurant,1,0,-1.2944698,36.7764499,Peach Blossom Hotel 桃花源饭店,bbox
5440538396,Kibera,restaurant,1,0,-1.2960808,36.7733534,Nyumbani Restaurant,bbox
5440538411,Kibera,restaurant,1,0,-1.2987538,36.7783502,UpTown Grill,bbox
6178867978,Kibera,restaurant,1,0,-1.2998688,36.7730242,Mugz & Brewz,bbox
6180780604,Kibera,restaurant,1,0,-1.2998733,36.7729434,Yum Deliveries,bbox
6184419654,Kibera,restaurant,1,0,-1.2991308,36.7905161,Kaikos,bbox
6184422813,Kibera,restaurant,1,0,-1.2987666,36.7785802,Maatam Restaurant. Swahili Cuisine,bbox
6184425943,Kibera,restaurant,1,0,-1.2996772,36.78088,Valhalla Sports Bar,bbox
6195483186,Kibera,restaurant,1,0,-1.2936402,36.781938,Caffè Concerto,bbox
6375755424,Kibera,restaurant,1,0,-1.294849,36.7970997,Century Lounge,bbox
6591715786,Kibera,restaurant,1,0,-1.296921,36.7821333,Katanazi Restaurant,bbox
6606049702,Kibera,restaurant,1,0,-1.3096977,36.7803875,Arusha,bbox
7016779391,Kibera,restaurant,1,0,-1.3003632,36.7814289,La Terrazza,bbox
7211661185,Kibera,restaurant,1,0,-1.300291,36.7819088,Misono Japanese Restaurant,bbox
7291845165,Kibera,restaurant,1,0,-1.3233757,36.802695,Pitstop Grills,bbox
7291845167,Kibera,restaurant,1,0,-1.3243179,36.8032179,Hot Spot Coffee,bbox
9001124803,Kibera,restaurant,1,0,-1.3085285,36.7730813,K.O,bbox
9001317319,Kibera,restaurant,1,0,-1.310347,36.7738971,Nice Dishes Hotel,bbox
9003460726,Kibera,restaurant,1,0,-1.3109726,36.7749331,Kianda Restaurant,bbox
9003466809,Kibera,restaurant,1,0,-1.3119218,36.7750397,The Chef's Kitchen,bbox
9003479153,Kibera,restaurant,1,0,-1.3110353,36.7759752,Masters Touch Bakery and Restaurant,bbox
9003487017,Kibera,restaurant,1,0,-1.3109608,36.775868,Mzee Komu,bbox
9003685358,Kibera,restaurant,1,0,-1.3145008,36.7821577,Msamaria Hotel,bbox
9013226406,Kibera,restaurant,1,0,-1.313478,36.7797529,,bbox
9013244091,Kibera,restaurant,1,0,-1.3132795,36.7800207,Kanyariro Hotel,bbox
9013406828,Kibera,restaurant,1,0,-1.3158511,36.775552,,bbox
9013490788,Kibera,restaurant,1,0,-1.3141637,36.77838,Jecil,bbox
9013549099,Kibera,restaurant,1,0,-1.3140953,36.7790974,The New Dawn Hotel,bbox
9013685672,Kibera,restaurant,1,0,-1.3126324,36.7790619,Joerech Restaurant,bbox
9013717612,Kibera,restaurant,1,0,-1.3126053,36.7791459,Savanah Hotel,bbox
9013884276,Kibera,restaurant,1,0,-1.3111256,36.7790324,Hotel Gracious,bbox
9013929900,Kibera,restaurant,1,0,-1.3103981,36.7794671,River Side Hotel,bbox
9016721211,Kibera,restaurant,1,0,-1.3130379,36.7775335,Hotel,bbox
9016779267,Kibera,restaurant,1,0,-1.3128236,36.7772983,Mama Ahmed Hotel,bbox
9016788570,Kibera,restaurant,1,0,-1.312936,36.7774421,Joslex Hotel,bbox
9016965279,Kibera,restaurant,1,0,-1.3118736,36.7774192,,bbox
9017010193,Kibera,restaurant,1,0,-1.3148665,36.7849562,Siz Mini Hotel,bbox
9017037995,Kibera,restaurant,1,0,-1.3149324,36.7855833,Mullo Safi Hotel,bbox
9037539710,Kibera,restaurant,1,0,-1.3144458,36.7826873,Otumbo Hotel,bbox
9037568629,Kibera,restaurant,1,0,-1.3142748,36.7824138,Ugenya Quality Hotel,bbox
9037746694,Kibera,restaurant,1,0,-1.3141713,36.7823987,Kwa Eva Hotel,bbox
9232378203,Kibera,restaurant,1,0,-1.2943156,36.7993411,Ka Dana Delicacies,bbox
9466537394,Kibera,restaurant,1,0,-1.2921603,36.7800421,Habesha Restaurant,bbox
9587513090,Kibera,restaurant,1,0,-1.2981932,36.775215,Malo Malo BBq,bbox
9906187617,Kibera,restaurant,1,0,-1.2962882,36.798832,Ain,bbox
10719214891,Kibera,restaurant,1,0,-1.2926301,36.7736669,Kuan Zhai House,bbox
10803686265,Kibera,restaurant,1,0,-1.3291289,36.8007392,Simba Saloon,bbox
12568200102,Kibera,restaurant,1,0,-1.3076447,36.8036073,Pizza Inn,bbox
13003772864,Kibera,restaurant,1,0,-1.316578,36.7764804,Damaris 11,bbox
13573806595,Kibera,restaurant,1,0,-1.2990206,36.8011691,Western Delicacy,bbox
13912595405,Kibera,restaurant,1,0,-1.2919214,36.7902543,Amalayi,bbox
13952604501,Kibera,restaurant,1,0,-1.2933621,36.7858564,Saffron Grill,bbox
5372373751,Kibera,salon,2,0,-1.3299654,36.7811326,Rosa Spa,bbox
5414007499,Kibera,salon,2,0,-1.2945232,36.7913926,Oasis Spa Point,bbox
9722395619,Kibera,salon,2,0,-1.2913786,36.7830755,Alexiz Naturel Salon & Spa,bbox
9722395620,Kibera,salon,2,0,-1.2915158,36.7830564,MasterCraft Barbershop,bbox
10566929712,Kibera,salon,2,0,-1.295659,36.7976716,Merielylne Beauty,bbox
13062161847,Kibera,salon,2,0,-1.3009373,36.7885727,Detox Health Spa,bbox
521103444,Kibera,supermarket,1,0,-1.3068216,36.8020059,Fairlane,bbox
612007089,Kibera,supermarket,1,0,-1.3103868,36.7958157,LainiI Saba Market,bbox
612007705,Kibera,supermarket,1,0,-1.3122214,36.797677,Kaloki Super Market,bbox
612008449,Kibera,supermarket,1,0,-1.3151523,36.7797164,cereals,bbox
612008494,Kibera,supermarket,1,0,-1.3102203,36.7760353,Grocery,bbox
612008948,Kibera,supermarket,1,0,-1.3133438,36.7967341,Wholesale,bbox
612008949,Kibera,supermarket,1,0,-1.3132941,36.7969956,Wholesale,bbox
612009211,Kibera,supermarket,1,0,-1.3088987,36.7731126,m.cliff mini mart,bbox
744432249,Kibera,supermarket,1,0,-1.3007033,36.7873227,Nakumatt Prestige,bbox
1635588108,Kibera,supermarket,1,0,-1.2932895,36.7876075,Chandarana Supermarket,bbox
1746645845,Kibera,supermarket,1,0,-1.3073187,36.8025226,Golf Course Shopping Center,bbox
1874195120,Kibera,supermarket,1,0,-1.3014386,36.7801309,Uchumi,bbox
2137955367,Kibera,supermarket,1,0,-1.3004022,36.781746,Naivas Supermarket Greenhouse,bbox
4075659130,Kibera,supermarket,1,0,-1.2944514,36.7872314,Foodplus Chandarana Adlife,bbox
4353511956,Kibera,supermarket,1,0,-1.3221852,36.773682,"Neibas Supermarket, Lang'ata",bbox
4355628531,Kibera,supermarket,1,0,-1.3258264,36.7917343,Penny Supermarket,bbox
5414335721,Kibera,supermarket,1,0,-1.2945013,36.7983291,Safeway Hypermarkets,bbox
6084050127,Kibera,supermarket,1,0,-1.3006632,36.779892,Tuskys;Turskys,bbox
7291845166,Kibera,supermarket,1,0,-1.3220082,36.8021359,Naivas Freedom Heights Mall,bbox
8210168933,Kibera,supermarket,1,0,-1.3241498,36.7828298,Cleanshelf Supermarket,bbox
8901162637,Kibera,supermarket,1,0,-1.2981566,36.7831953,QuickMart,bbox
9587521823,Kibera,supermarket,1,0,-1.2930205,36.7928528,QuickMart,bbox
13952691501,Kibera,supermarket,1,0,-1.2925654,36.7856369,Naivas Food Market,bbox
1628483778,Kilimani,clothes,1,0,-1.2981906,36.76237,Baby Shop,bbox
1691733192,Kilimani,clothes,1,0,-1.3138789,36.7795762,Mariom beauty shop,bbox
2511477222,Kilimani,clothes,1,0,-1.2977943,36.7626737,Woolsworth,bbox
2511480224,Kilimani,clothes,1,0,-1.2982366,36.763179,Truworths,bbox
5414280557,Kilimani,clothes,1,0,-1.2928591,36.7877443,Mr Price,bbox
473447865,Kilimani,fast_food,2,0,-1.3000869,36.7897519,Pizza Inn,bbox
612009161,Kilimani,fast_food,2,0,-1.3108836,36.7959399,Oasis of Love hotel,bbox
1635576788,Kilimani,fast_food,2,0,-1.3000833,36.7898517,Chicken-Inn,bbox
1635576791,Kilimani,fast_food,2,0,-1.3000068,36.7903693,Debonairs Pizza,bbox
1801454703,Kilimani,fast_food,2,0,-1.3110415,36.7752186,Joe's Grill Fast Foods,bbox
1874194729,Kilimani,fast_food,2,0,-1.3005108,36.7805494,McFrys,bbox
2511459641,Kilimani,fast_food,2,0,-1.2979749,36.7620966,Subway,bbox
3907775880,Kilimani,fast_food,2,0,-1.3000815,36.7898952,Creamy Inn,bbox
4323307164,Kilimani,fast_food,2,0,-1.2931478,36.7923679,Al-Baik,bbox
5333185202,Kilimani,fast_food,2,0,-1.2784812,36.7697604,Big Square Lavington,bbox
5334916983,Kilimani,fast_food,2,0,-1.2903653,36.7705515,Pizza Inn-Valley Arcade,bbox
5354470346,Kilimani,fast_food,2,0,-1.2904153,36.7709181,Pizza Inn,bbox
5412286000,Kilimani,fast_food,2,0,-1.2997192,36.7729864,Domino's,bbox
5414335600,Kilimani,fast_food,2,0,-1.292504,36.789832,Subway,bbox
6131057612,Kilimani,fast_food,2,0,-1.2792179,36.7705728,KFC,bbox
6135412065,Kilimani,fast_food,2,0,-1.2979132,36.7625254,KFC,bbox
6400228056,Kilimani,fast_food,2,0,-1.2943287,36.7984861,Domino's,bbox
8193801355,Kilimani,fast_food,2,0,-1.2766725,36.7714008,Big Square,bbox
9396474817,Kilimani,fast_food,2,0,-1.3154642,36.7791601,Mtaani Chips Cafe,bbox
5414335734,Kilimani,greengrocer,2,0,-1.2946343,36.7990935,Hurlingham Grocer,bbox
6869934673,Kilimani,greengrocer,2,0,-1.2909053,36.770278,Zucchini,bbox
9001035217,Kilimani,greengrocer,2,0,-1.3101352,36.7737032,,bbox
9013496433,Kilimani,greengrocer,2,0,-1.3141964,36.7756857,Step3 Shop,bbox
9016747041,Kilimani,greengrocer,2,0,-1.3130806,36.7776726,Determination Cereals/ Shop,bbox
9396399119,Kilimani,greengrocer,2,0,-1.3149659,36.775299,,bbox
9399150817,Kilimani,greengrocer,2,0,-1.3149058,36.7801676,,bbox
9399192718,Kilimani,greengrocer,2,0,-1.3141321,36.7820361,,bbox
9399274519,Kilimani,greengrocer,2,0,-1.3146352,36.7843872,Mashimo Posho,bbox
9399312418,Kilimani,greengrocer,2,0,-1.3146026,36.7862941,,bbox
10797193042,Kilimani,greengrocer,2,0,-1.2796484,36.7690842,Beyond Fruits,bbox
13782490701,Kilimani,greengrocer,2,0,-1.3149,36.7893,Grace,bbox
612007622,Kilimani,hairdresser,1,0,-1.3136603,36.7758862,mamu salon,bbox
612007774,Kilimani,hairdresser,1,0,-1.3115393,36.7993081,Super Kiyozi Cuts,bbox
612007868,Kilimani,hairdresser,1,0,-1.3140542,36.7758847,Anyole saloon and kinyozi,bbox
612007870,Kilimani,hairdresser,1,0,-1.314116,36.7758556,Lady of Mercy Hair Saloon,bbox
612008432,Kilimani,hairdresser,1,0,-1.312449,36.7776035,Maasai summit Saloon,bbox
612008436,Kilimani,hairdresser,1,0,-1.3121812,36.7787063,By Gods Mercy Saloon,bbox
612008486,Kilimani,hairdresser,1,0,-1.3121728,36.7965682,Shimba Hills salon,bbox
612008505,Kilimani,hairdresser,1,0,-1.3095746,36.7756946,Urembo beauty palour,bbox
612008536,Kilimani,hairdresser,1,0,-1.3113811,36.7879306,Salon,bbox
612008538,Kilimani,hairdresser,1,0,-1.3112975,36.7879041,Salon,bbox
612008546,Kilimani,hairdresser,1,0,-1.3110483,36.789252,Salon,bbox
612008614,Kilimani,hairdresser,1,0,-1.3107895,36.7926524,barber shop,bbox
612008677,Kilimani,hairdresser,1,0,-1.3129503,36.7915793,Mama Maria hair salon,bbox
612008733,Kilimani,hairdresser,1,0,-1.3114071,36.7942502,Boys to Men Kinyozi,bbox
612008750,Kilimani,hairdresser,1,0,-1.311174,36.794949,Highbury kinyozi,bbox
612008753,Kilimani,hairdresser,1,0,-1.3111331,36.7949129,Junction salon and kinyozi,bbox
612008809,Kilimani,hairdresser,1,0,-1.3147399,36.7833089,,bbox
612008810,Kilimani,hairdresser,1,0,-1.3147352,36.7832815,Tel Aviv Kinyozi,bbox
612008827,Kilimani,hairdresser,1,0,-1.3148398,36.7847812,,bbox
612008855,Kilimani,hairdresser,1,0,-1.3148924,36.7857703,Barber shop,bbox
612008858,Kilimani,hairdresser,1,0,-1.3151167,36.7869152,Hunters kinyozi,bbox
612008942,Kilimani,hairdresser,1,0,-1.3068502,36.7879956,Mama Yunnie saloon,bbox
612008944,Kilimani,hairdresser,1,0,-1.3129287,36.7948886,Sunny line kinyozi,bbox
612008991,Kilimani,hairdresser,1,0,-1.31145,36.7965374,Paris classic salon and kinyozi,bbox
612009004,Kilimani,hairdresser,1,0,-1.3112537,36.7905672,Holly wood barber shop,bbox
612009076,Kilimani,hairdresser,1,0,-1.3093783,36.7735658,,bbox
612009105,Kilimani,hairdresser,1,0,-1.3130776,36.7996997,leah's salon,bbox
612009106,Kilimani,hairdresser,1,0,-1.3130266,36.7997421,sistor salon,bbox
612009114,Kilimani,hairdresser,1,0,-1.3138491,36.8009953,kinyozi shop,bbox
612009117,Kilimani,hairdresser,1,0,-1.3141208,36.8012575,tosh kinyozi,bbox
612009130,Kilimani,hairdresser,1,0,-1.3127237,36.7998083,Salon,bbox
612009158,Kilimani,hairdresser,1,0,-1.31084,36.795911,White House Kinyozi,bbox
612009169,Kilimani,hairdresser,1,0,-1.3124071,36.7920702,,bbox
612009171,Kilimani,hairdresser,1,0,-1.3121804,36.7921478,salon,bbox
612009228,Kilimani,hairdresser,1,0,-1.3113544,36.7768015,nyatanga hair saloon,bbox
612010579,Kilimani,hairdresser,1,0,-1.3131474,36.7898848,Homeland Kinyozi&Salon,bbox
612010581,Kilimani,hairdresser,1,0,-1.3134063,36.7901735,Puff Kinyozi,bbox
1224070569,Kilimani,hairdresser,1,0,-1.3109602,36.7830055,Barber and Saloon,bbox
1691733178,Kilimani,hairdresser,1,0,-1.3139989,36.7793055,Joy saloon,bbox
2511459507,Kilimani,hairdresser,1,0,-1.2983424,36.7630062,Nywele Nzuri Fusion Salon,bbox
5559348157,Kilimani,hairdresser,1,0,-1.2914657,36.7830783,Borderless Barbershop and Salon,bbox
10566929710,Kilimani,hairdresser,1,0,-1.2952842,36.7977671,Westside hurlingham Barbers,bbox
612008430,Kilimani,hardware,1,0,-1.3127031,36.7772876,Mwangaza/CJ Welding Site,bbox
612008441,Kilimani,hardware,1,0,-1.3121785,36.7786384,Ugenya Hardware,bbox
612008595,Kilimani,hardware,1,0,-1.3117982,36.7993175,Traden Hadware,bbox
612008990,Kilimani,hardware,1,0,-1.3114456,36.7964108,Jom timber hardware,bbox
612009001,Kilimani,hardware,1,0,-1.3119224,36.7927272,Kapungala Hardware,bbox
612009011,Kilimani,hardware,1,0,-1.3075984,36.7828086,makina harder,bbox
612010577,Kilimani,hardware,1,0,-1.3116242,36.7879866,Hardware,bbox
1249726628,Kilimani,hardware,1,0,-1.3091773,36.7861106,Bakah Investment LTD,bbox
1691655469,Kilimani,hardware,1,0,-1.3132968,36.777408,Hardware,bbox
1691655473,Kilimani,hardware,1,0,-1.3135139,36.7775267,Seboka steel and hardware,bbox
5339116167,Kilimani,hardware,1,0,-1.279914,36.7699233,Crown Paints Distributor-Tofina Rom Builders Ltd,bbox
612006948,Kilimani,kiosk,2,0,-1.3124555,36.7769539,Kiosks,bbox
612006966,Kilimani,kiosk,2,0,-1.3134616,36.7774132,Baraka Shop,bbox
612007105,Kilimani,kiosk,2,0,-1.3159192,36.7791021,Peters shop,bbox
612007625,Kilimani,kiosk,2,0,-1.3134901,36.7759874,retail kiosks,bbox
612007769,Kilimani,kiosk,2,0,-1.3126322,36.7986368,Twenty Four Hotel,bbox
612007819,Kilimani,kiosk,2,0,-1.3138997,36.7877343,Kilimanjaro,bbox
612007829,Kilimani,kiosk,2,0,-1.3133302,36.7899135,Sura Studio,bbox
612007845,Kilimani,kiosk,2,0,-1.3119697,36.7884097,,bbox
612007855,Kilimani,kiosk,2,0,-1.314936,36.7752442,Mama Obasanjo Hotel,bbox
612007885,Kilimani,kiosk,2,0,-1.3152951,36.7771163,Wingo Dressmaking shop,bbox
612007944,Kilimani,kiosk,2,0,-1.3148612,36.7855228,Cham gi wadu hotel,bbox
612008155,Kilimani,kiosk,2,0,-1.315557,36.7778195,Bazz valley kerosene pump,bbox
612008493,Kilimani,kiosk,2,0,-1.3105145,36.7758615,ayany kiosks,bbox
612008522,Kilimani,kiosk,2,0,-1.3120005,36.7886143,,bbox
612008523,Kilimani,kiosk,2,0,-1.3118085,36.7888549,Food kiosk,bbox
612008531,Kilimani,kiosk,2,0,-1.3125033,36.7890987,hotel,bbox
612008535,Kilimani,kiosk,2,0,-1.3116804,36.7897502,,bbox
612008542,Kilimani,kiosk,2,0,-1.3111772,36.7890952,,bbox
612008545,Kilimani,kiosk,2,0,-1.3109487,36.789435,,bbox
612008547,Kilimani,kiosk,2,0,-1.311074,36.7892221,,bbox
612008561,Kilimani,kiosk,2,0,-1.3145274,36.7976817,Dumani mini shop,bbox
612008564,Kilimani,kiosk,2,0,-1.3133764,36.797097,Wendani Hotel,bbox
612008588,Kilimani,kiosk,2,0,-1.3124008,36.7986786,Hotel De Vegas,bbox
612008589,Kilimani,kiosk,2,0,-1.3122825,36.7988195,Home pride shop,bbox
612008590,Kilimani,kiosk,2,0,-1.3123773,36.7987624,M pesa shop,bbox
612008591,Kilimani,kiosk,2,0,-1.3121327,36.7993541,m Pesa S hop,bbox
612008593,Kilimani,kiosk,2,0,-1.3115824,36.7991778,M- pesa Shop,bbox
612008594,Kilimani,kiosk,2,0,-1.3116594,36.799134,M pesa Shop,bbox
612008597,Kilimani,kiosk,2,0,-1.3111567,36.7994641,Wamuso Shop,bbox
612008598,Kilimani,kiosk,2,0,-1.3112045,36.7995293,M pesa Shop,bbox
612008601,Kilimani,kiosk,2,0,-1.3157986,36.7754507,Neema Hotel,bbox
612008604,Kilimani,kiosk,2,0,-1.3147878,36.775327,Baraka Shop,bbox
612008701,Kilimani,kiosk,2,0,-1.3140771,36.8013179,Fair Dill shop,bbox
612008703,Kilimani,kiosk,2,0,-1.311928,36.7991742,Joy Hotel,bbox
612008712,Kilimani,kiosk,2,0,-1.3127986,36.8000091,Base shop,bbox
612008713,Kilimani,kiosk,2,0,-1.3123134,36.7995143,Achievers Hotel,bbox
612008727,Kilimani,kiosk,2,0,-1.3116432,36.7933675,Posho Mill,bbox
612008749,Kilimani,kiosk,2,0,-1.3111884,36.7949698,Steve's Kiosk,bbox
612008794,Kilimani,kiosk,2,0,-1.3148976,36.781095,,bbox
612008841,Kilimani,kiosk,2,0,-1.3144855,36.7843548,,bbox
612008857,Kilimani,kiosk,2,0,-1.3149991,36.7870167,Olpa's shop,bbox
612008859,Kilimani,kiosk,2,0,-1.3149811,36.7864885,Baba Musimbi's shop,bbox
612008861,Kilimani,kiosk,2,0,-1.314988,36.7866872,Northern Shop,bbox
612008879,Kilimani,kiosk,2,0,-1.3134011,36.7773917,Big hotel,bbox
612008880,Kilimani,kiosk,2,0,-1.3131666,36.7775436,BAZ music store,bbox
612008886,Kilimani,kiosk,2,0,-1.3141786,36.7788939,Fidys wine and spirit,bbox
612008888,Kilimani,kiosk,2,0,-1.3126021,36.7780138,m pesa shop,bbox
612008929,Kilimani,kiosk,2,0,-1.3094065,36.7869385,Chacoal depot,bbox
612008932,Kilimani,kiosk,2,0,-1.3078878,36.7877381,Kenshop/chemist,bbox
612008935,Kilimani,kiosk,2,0,-1.3092696,36.7880925,kerosen shop,bbox
612008943,Kilimani,kiosk,2,0,-1.3067921,36.7878514,Kavuli store,bbox
612008947,Kilimani,kiosk,2,0,-1.3131832,36.7963749,Unique store,bbox
612008995,Kilimani,kiosk,2,0,-1.3120676,36.7917805,Check point Economy shop,bbox
612009006,Kilimani,kiosk,2,0,-1.3113099,36.7907978,Imilis Road Side Shop,bbox
612009075,Kilimani,kiosk,2,0,-1.3101811,36.7757443,ayany safaricom house,bbox
612009077,Kilimani,kiosk,2,0,-1.3096932,36.7758233,cooking gas shop,bbox
612009078,Kilimani,kiosk,2,0,-1.3095467,36.7753985,Kiosks,bbox
612009079,Kilimani,kiosk,2,0,-1.308893,36.7757988,ayany auto spares,bbox
612009083,Kilimani,kiosk,2,0,-1.3157249,36.7785852,Osoro's shop,bbox
612009084,Kilimani,kiosk,2,0,-1.3156255,36.7787146,,bbox
612009085,Kilimani,kiosk,2,0,-1.3156826,36.7790452,,bbox
612009095,Kilimani,kiosk,2,0,-1.3154179,36.7843036,Way side shop,bbox
612009101,Kilimani,kiosk,2,0,-1.3135757,36.7993721,maunt kamel shop,bbox
612009110,Kilimani,kiosk,2,0,-1.3134371,36.7994641,Kanini hotel,bbox
612009116,Kilimani,kiosk,2,0,-1.3140798,36.801222,one way hotel,bbox
612009120,Kilimani,kiosk,2,0,-1.313267,36.7995273,sony shop,bbox
612009123,Kilimani,kiosk,2,0,-1.3143013,36.8014656,mama dadas shop,bbox
612009124,Kilimani,kiosk,2,0,-1.3143956,36.8015427,samia shop,bbox
612009132,Kilimani,kiosk,2,0,-1.3128641,36.7999376,River Side Salon,bbox
612009167,Kilimani,kiosk,2,0,-1.3126605,36.7920296,Mama Mwangi shop,bbox
612009199,Kilimani,kiosk,2,0,-1.3108513,36.7743619,Keg Distribution Store,bbox
612009201,Kilimani,kiosk,2,0,-1.3106638,36.7742516,mega mali distributers,bbox
612009203,Kilimani,kiosk,2,0,-1.3111346,36.7755763,ayany cereal shop,bbox
612009212,Kilimani,kiosk,2,0,-1.3089952,36.7731166,retal shop,bbox
612009220,Kilimani,kiosk,2,0,-1.3083473,36.7730492,mpesa shop,bbox
612009272,Kilimani,kiosk,2,0,-1.3069362,36.788381,Food Kiosk,bbox
612009360,Kilimani,kiosk,2,0,-1.3156517,36.7839072,,bbox
612009361,Kilimani,kiosk,2,0,-1.3158449,36.7841452,,bbox
612009377,Kilimani,kiosk,2,0,-1.3152612,36.7855844,,bbox
612009384,Kilimani,kiosk,2,0,-1.315415,36.7864193,,bbox
612009386,Kilimani,kiosk,2,0,-1.315271,36.7866878,,bbox
612009389,Kilimani,kiosk,2,0,-1.3149117,36.7871358,,bbox
612009578,Kilimani,kiosk,2,0,-1.3143029,36.7819496,Glorious shop,bbox
612009708,Kilimani,kiosk,2,0,-1.3108304,36.7873857,Anyole Express photo studio,bbox
612009829,Kilimani,kiosk,2,0,-1.3104723,36.7738105,yu kianda shop,bbox
612009834,Kilimani,kiosk,2,0,-1.3110589,36.7748732,m pesa shop,bbox
612009838,Kilimani,kiosk,2,0,-1.3113587,36.7765039,mwananchi kibera poshomill,bbox
612010506,Kilimani,kiosk,2,0,-1.3140733,36.7793063,Sunrise shop,bbox
612010509,Kilimani,kiosk,2,0,-1.3130598,36.7776269,Baca investment,bbox
612010510,Kilimani,kiosk,2,0,-1.3129306,36.7777288,Fresh from furthers,bbox
612011193,Kilimani,kiosk,2,0,-1.3135013,36.7903502,hotel,bbox
612011195,Kilimani,kiosk,2,0,-1.3134647,36.7904609,Food kiosk,bbox
1691733189,Kilimani,kiosk,2,0,-1.3128653,36.7796015,Kerosine pump,bbox
1727588858,Kilimani,kiosk,2,0,-1.3151275,36.7798096,cues fry hotel,bbox
1775825788,Kilimani,kiosk,2,0,-1.3086564,36.7852977,Coast dishes,bbox
1775825807,Kilimani,kiosk,2,0,-1.3080761,36.783484,hotel,bbox
1801454721,Kilimani,kiosk,2,0,-1.3083519,36.7730925,Nyumbani Cereals,bbox
1809764830,Kilimani,kiosk,2,0,-1.3128193,36.7755711,Daima Shop,bbox
5740920145,Kilimani,kiosk,2,0,-1.2886461,36.7941266,,bbox
5740920146,Kilimani,kiosk,2,0,-1.2907028,36.788789,,bbox
9000877269,Kilimani,kiosk,2,0,-1.3158874,36.7755364,,bbox
9000946477,Kilimani,kiosk,2,0,-1.3158799,36.7756182,Masai Mara Shop,bbox
9000964957,Kilimani,kiosk,2,0,-1.3159444,36.7754432,Mama Bebe,bbox
9001028423,Kilimani,kiosk,2,0,-1.3105996,36.7742415,Japuoyo General Shop,bbox
9001106717,Kilimani,kiosk,2,0,-1.3103225,36.7739148,Japuoyo 2 General Shop,bbox
9001106718,Kilimani,kiosk,2,0,-1.3111393,36.7761383,Kabogo Shop,bbox
9001106818,Kilimani,kiosk,2,0,-1.3112861,36.776189,Jamungi Shop,bbox
9001115675,Kilimani,kiosk,2,0,-1.3079673,36.77265,Carlifonia Eggs and Cereals Shop,bbox
9001246549,Kilimani,kiosk,2,0,-1.3097298,36.7734741,Promise Investments,bbox
9001292465,Kilimani,kiosk,2,0,-1.3102048,36.7736855,Kaka Cereal Shop,bbox
9003295688,Kilimani,kiosk,2,0,-1.3102574,36.7729173,Kwa Maureen Kiosk,bbox
9003324311,Kilimani,kiosk,2,0,-1.3100957,36.7728953,Mama Mum's Kiosk,bbox
9003326848,Kilimani,kiosk,2,0,-1.3102856,36.7730064,Kwa Mkisii Kiosk,bbox
9003338610,Kilimani,kiosk,2,0,-1.3104562,36.7735776,Mama Tracy Kiosk,bbox
9003342804,Kilimani,kiosk,2,0,-1.3149723,36.775295,Comminity Shop,bbox
9003386959,Kilimani,kiosk,2,0,-1.3113657,36.7739629,Waingo Shop,bbox
9003405543,Kilimani,kiosk,2,0,-1.3112452,36.7741714,Uchumi Ndogo Shop,bbox
9003417458,Kilimani,kiosk,2,0,-1.3113827,36.77412,Lucky Shop,bbox
9003455461,Kilimani,kiosk,2,0,-1.31129,36.7745718,Baraka Shop,bbox
9003463490,Kilimani,kiosk,2,0,-1.3111776,36.7761838,Mkamba Shop,bbox
9003480840,Kilimani,kiosk,2,0,-1.3110459,36.7758654,The Global Shop,bbox
9003492819,Kilimani,kiosk,2,0,-1.3113419,36.7764889,,bbox
9003496458,Kilimani,kiosk,2,0,-1.3112392,36.7764782,Charity Kiosk,bbox
9003506661,Kilimani,kiosk,2,0,-1.3114403,36.7765698,Mama Brian Shop,bbox
9003530579,Kilimani,kiosk,2,0,-1.31374,36.7759518,Jacky Shop,bbox
9003531379,Kilimani,kiosk,2,0,-1.3155697,36.7781738,Bob Kabob Shop,bbox
9003534117,Kilimani,kiosk,2,0,-1.3132387,36.7758483,New Kegogi Shop,bbox
9003534915,Kilimani,kiosk,2,0,-1.3136903,36.7759425,Mwamba Shop,bbox
9013406829,Kilimani,kiosk,2,0,-1.3153192,36.7751736,Nyamuro Shop,bbox
9013410760,Kilimani,kiosk,2,0,-1.3155037,36.7753489,Maasai Soweto Shop,bbox
9013410761,Kilimani,kiosk,2,0,-1.3147525,36.7753791,Masai Cheupe Shop,bbox
9013411870,Kilimani,kiosk,2,0,-1.3151141,36.7752873,,bbox
9013414893,Kilimani,kiosk,2,0,-1.3131848,36.7798171,Wach Mon Ten Kiosk,bbox
9013437759,Kilimani,kiosk,2,0,-1.3129911,36.7794596,Masai Mara Shop,bbox
9013449008,Kilimani,kiosk,2,0,-1.3143611,36.7754281,Mama Esther Shop,bbox
9013455317,Kilimani,kiosk,2,0,-1.3144698,36.7754301,Members/Shop,bbox
9013470620,Kilimani,kiosk,2,0,-1.3143808,36.7755746,Mayai Depot,bbox
9013535035,Kilimani,kiosk,2,0,-1.315084,36.7768974,Champion Shop,bbox
9013540575,Kilimani,kiosk,2,0,-1.3141983,36.7758742,Anyole Stores,bbox
9013550369,Kilimani,kiosk,2,0,-1.3149716,36.7768082,,bbox
9013556564,Kilimani,kiosk,2,0,-1.3140298,36.7795894,Masai General,bbox
9013727226,Kilimani,kiosk,2,0,-1.3125682,36.7791153,Sarah Shop,bbox
9013748321,Kilimani,kiosk,2,0,-1.3125485,36.7789508,,bbox
9013872857,Kilimani,kiosk,2,0,-1.3120471,36.7782755,,bbox
9013918168,Kilimani,kiosk,2,0,-1.3115918,36.7781283,,bbox
9013926545,Kilimani,kiosk,2,0,-1.3110325,36.7787554,,bbox
9016719088,Kilimani,kiosk,2,0,-1.3132472,36.7776967,Kebirigo General Shop,bbox
9016755664,Kilimani,kiosk,2,0,-1.3133436,36.7775579,Extreme Enterprises Shop,bbox
9016758276,Kilimani,kiosk,2,0,-1.3131664,36.7775507,Nyamira Shop,bbox
9016774689,Kilimani,kiosk,2,0,-1.3129097,36.7775538,Mama Ian's Shop,bbox
9016806790,Kilimani,kiosk,2,0,-1.3129383,36.7773464,,bbox
9016884683,Kilimani,kiosk,2,0,-1.3132577,36.7774777,Jones Shop,bbox
9016932605,Kilimani,kiosk,2,0,-1.3125472,36.7779901,Neighbours Shop,bbox
9016976659,Kilimani,kiosk,2,0,-1.3118711,36.7770885,Baraka Tele Shop,bbox
9016976683,Kilimani,kiosk,2,0,-1.3149672,36.7859452,,bbox
9016986767,Kilimani,kiosk,2,0,-1.3119683,36.7780061,,bbox
9016995280,Kilimani,kiosk,2,0,-1.311903,36.7771836,G and F Shop,bbox
9016995304,Kilimani,kiosk,2,0,-1.3149758,36.7861412,,bbox
9017010145,Kilimani,kiosk,2,0,-1.3117794,36.777386,Sigalame Mini Mart,bbox
9017010529,Kilimani,kiosk,2,0,-1.3118825,36.7779883,,bbox
9017022593,Kilimani,kiosk,2,0,-1.3149321,36.7853867,Ebenezer Shop,bbox
9017043990,Kilimani,kiosk,2,0,-1.314981,36.7863112,Premium Shop,bbox
9017060774,Kilimani,kiosk,2,0,-1.3149003,36.7851177,,bbox
9017065142,Kilimani,kiosk,2,0,-1.3145948,36.7846935,,bbox
9017073020,Kilimani,kiosk,2,0,-1.3146488,36.783921,,bbox
9017078591,Kilimani,kiosk,2,0,-1.3157267,36.7828199,,bbox
9037519396,Kilimani,kiosk,2,0,-1.3146008,36.7835701,Katumba,bbox
9037542610,Kilimani,kiosk,2,0,-1.3146611,36.7835289,Vigilant Gen Shop and Cereals,bbox
9037554837,Kilimani,kiosk,2,0,-1.3147203,36.7830373,Petty Retail Shop,bbox
9037566279,Kilimani,kiosk,2,0,-1.3143915,36.7823002,Saidi Shop,bbox
9037719175,Kilimani,kiosk,2,0,-1.3139194,36.7822368,Njia Boma Kiosk,bbox
9396356417,Kilimani,kiosk,2,0,-1.3127156,36.7774997,Shop and Cereals,bbox
9396361817,Kilimani,kiosk,2,0,-1.3132585,36.7775799,Food kiosk /Shop,bbox
9396397617,Kilimani,kiosk,2,0,-1.3137294,36.7760117,Cereals Shop,bbox
9396467817,Kilimani,kiosk,2,0,-1.3155539,36.7789792,Uchumi Ndogo,bbox
9396474818,Kilimani,kiosk,2,0,-1.315405,36.7791399,,bbox
9396487117,Kilimani,kiosk,2,0,-1.3153264,36.7792632,Mpenzi wa Mungu Shop,bbox
9396493317,Kilimani,kiosk,2,0,-1.3153305,36.7793415,Phelo Shop,bbox
9396504617,Kilimani,kiosk,2,0,-1.315314,36.7793823,Jabilo Shop,bbox
9396530517,Kilimani,kiosk,2,0,-1.3151196,36.7796252,Aloo Enterprise,bbox
9396532318,Kilimani,kiosk,2,0,-1.315027,36.7798454,Umoja Shop,bbox
9396540117,Kilimani,kiosk,2,0,-1.3156819,36.7799054,,bbox
9396545717,Kilimani,kiosk,2,0,-1.3158467,36.7804014,,bbox
9399155517,Kilimani,kiosk,2,0,-1.3150333,36.7802267,,bbox
9399155518,Kilimani,kiosk,2,0,-1.3147866,36.7806177,Blackman Shop,bbox
9399155519,Kilimani,kiosk,2,0,-1.3149814,36.7810213,Mastared Shop,bbox
9399162417,Kilimani,kiosk,2,0,-1.3151419,36.7806161,,bbox
9399163217,Kilimani,kiosk,2,0,-1.3151163,36.7809054,,bbox
9399166717,Kilimani,kiosk,2,0,-1.3148974,36.7809889,,bbox
9399166719,Kilimani,kiosk,2,0,-1.3148022,36.7813142,,bbox
9399171017,Kilimani,kiosk,2,0,-1.3144867,36.7814428,Our Shop,bbox
9399172017,Kilimani,kiosk,2,0,-1.3145644,36.781709,Samco Shop,bbox
9399173217,Kilimani,kiosk,2,0,-1.3143889,36.7818352,Private Stores,bbox
9399185317,Kilimani,kiosk,2,0,-1.3141184,36.7815753,,bbox
9399187418,Kilimani,kiosk,2,0,-1.3139342,36.782252,Kajiando Shop,bbox
9399192717,Kilimani,kiosk,2,0,-1.3139387,36.781782,,bbox
9399199517,Kilimani,kiosk,2,0,-1.3143993,36.7823338,Effort Shop,bbox
9399201817,Kilimani,kiosk,2,0,-1.3143577,36.782464,,bbox
9399209317,Kilimani,kiosk,2,0,-1.3146126,36.7826468,Obomo shop,bbox
9399273018,Kilimani,kiosk,2,0,-1.3148658,36.7851727,Mama Ashton,bbox
9399273019,Kilimani,kiosk,2,0,-1.3152904,36.7855239,,bbox
9399274518,Kilimani,kiosk,2,0,-1.3143616,36.7843721,,bbox
9399280717,Kilimani,kiosk,2,0,-1.3147233,36.7830083,Masai Obama Shop,bbox
9399280718,Kilimani,kiosk,2,0,-1.3147298,36.784469,,bbox
9399287519,Kilimani,kiosk,2,0,-1.3149647,36.78512,,bbox
9399287520,Kilimani,kiosk,2,0,-1.3148737,36.784996,,bbox
9399288617,Kilimani,kiosk,2,0,-1.3149121,36.7834428,,bbox
9399288618,Kilimani,kiosk,2,0,-1.3141904,36.7841787,,bbox
9399288619,Kilimani,kiosk,2,0,-1.3152621,36.7847312,,bbox
9399307017,Kilimani,kiosk,2,0,-1.3151731,36.7854738,,bbox
612008433,Kilimani,laundry,2,0,-1.3124006,36.7780596,Robin Express Dry-cleaner,bbox
612008817,Kilimani,laundry,2,0,-1.3147605,36.7837447,Brichans laundry,bbox
612009102,Kilimani,laundry,2,0,-1.3133654,36.7995332,faith tailaring,bbox
612009115,Kilimani,laundry,2,0,-1.3138683,36.801029,life stile dressing,bbox
612009699,Kilimani,laundry,2,0,-1.3145419,36.7844425,Sega Laundry,bbox
612010733,Kilimani,laundry,2,0,-1.3117155,36.7923136,jahomabay,bbox
4745273535,Kilimani,laundry,2,0,-1.3110497,36.7761645,Clothes Cleaners,bbox
612004553,Kilimani,pharmacy,1,0,-1.3144232,36.7827122,lakaside chemist,bbox
612004989,Kilimani,pharmacy,1,0,-1.3106044,36.7923902,community chemist,bbox
612006973,Kilimani,pharmacy,1,0,-1.3117701,36.7927883,Mwangaza Chemist,bbox
612007120,Kilimani,pharmacy,1,0,-1.309689,36.7868134,Alshariff chemist,bbox
612007454,Kilimani,pharmacy,1,0,-1.3069635,36.7870738,Amanda Chemist,bbox
612008350,Kilimani,pharmacy,1,0,-1.315,36.7859881,Nafuu chemist,bbox
612008410,Kilimani,pharmacy,1,0,-1.3096893,36.7859966,Raisi chemist,bbox
612008688,Kilimani,pharmacy,1,0,-1.3118057,36.7924839,Rose Pharmacy,bbox
612008803,Kilimani,pharmacy,1,0,-1.3144838,36.7826673,Lake side clinic,bbox
612008876,Kilimani,pharmacy,1,0,-1.3135619,36.7774467,Elmac Chemist,bbox
612008905,Kilimani,pharmacy,1,0,-1.3144691,36.7903394,Loving Hearts Dispensary,bbox
612008945,Kilimani,pharmacy,1,0,-1.3129475,36.7949758,Bedan Clinic,bbox
612008958,Kilimani,pharmacy,1,0,-1.3119244,36.7938832,St. Edith Clinic,bbox
612009072,Kilimani,pharmacy,1,0,-1.3108588,36.7758463,Lee-Med Chemist,bbox
612009096,Kilimani,pharmacy,1,0,-1.314752,36.7841913,Mizima Chemist,bbox
612009233,Kilimani,pharmacy,1,0,-1.309082,36.7903898,Goodwill Chemist,bbox
612009235,Kilimani,pharmacy,1,0,-1.3075107,36.7889224,Chemist,bbox
612009390,Kilimani,pharmacy,1,0,-1.3143199,36.7824399,Kibera Family Drugs and Medication Information Centre,bbox
612009706,Kilimani,pharmacy,1,0,-1.3077136,36.7861039,Herbal Chemist,bbox
612010343,Kilimani,pharmacy,1,0,-1.3147676,36.7842819,Mzima Chemist,bbox
612010735,Kilimani,pharmacy,1,0,-1.3117524,36.7926652,Esther Pharmacy,bbox
612011308,Kilimani,pharmacy,1,0,-1.3131964,36.7973847,Cahm Herbal and Nutrition Clinic,bbox
612011373,Kilimani,pharmacy,1,0,-1.311816,36.7979024,Eagle's Family Clinic,bbox
696555670,Kilimani,pharmacy,1,0,-1.3086289,36.7730892,parkside dispensing chemist,bbox
696610501,Kilimani,pharmacy,1,0,-1.3147088,36.7763032,Hope Chemist,bbox
696610502,Kilimani,pharmacy,1,0,-1.315484,36.775462,Mini Prime Chemist,bbox
696655680,Kilimani,pharmacy,1,0,-1.3130303,36.7775527,Neema,bbox
696655689,Kilimani,pharmacy,1,0,-1.3130412,36.7798683,Ledos,bbox
696655693,Kilimani,pharmacy,1,0,-1.3117037,36.7773192,Pollar pharm,bbox
696655697,Kilimani,pharmacy,1,0,-1.3124115,36.7781982,Nafuu Chemist,bbox
696655707,Kilimani,pharmacy,1,0,-1.3116403,36.7782091,Lazarus Herbal Solution,bbox
696677374,Kilimani,pharmacy,1,0,-1.3133638,36.785417,St Beeja Chemist,bbox
696677376,Kilimani,pharmacy,1,0,-1.3127699,36.7892366,Chemist,bbox
698467045,Kilimani,pharmacy,1,0,-1.3077532,36.7828482,Beienish Chemist,bbox
698467048,Kilimani,pharmacy,1,0,-1.3085224,36.7841332,Home Pharmacy,bbox
698467060,Kilimani,pharmacy,1,0,-1.3082133,36.783799,Chemist,bbox
698476596,Kilimani,pharmacy,1,0,-1.3075323,36.7826819,Herberlist,bbox
698476716,Kilimani,pharmacy,1,0,-1.3076781,36.7826336,Quick Pharmacy,bbox
698476726,Kilimani,pharmacy,1,0,-1.3078314,36.7831506,Pona Chemist,bbox
698478562,Kilimani,pharmacy,1,0,-1.3085474,36.7856507,Jamii Chemist,bbox
698525854,Kilimani,pharmacy,1,0,-1.3113121,36.7874552,Jaribu Herbs,bbox
698525856,Kilimani,pharmacy,1,0,-1.3114775,36.7881186,Herbalist,bbox
698541828,Kilimani,pharmacy,1,0,-1.3121943,36.7923376,Community Chemist,bbox
698541830,Kilimani,pharmacy,1,0,-1.3124734,36.7924258,St Edith,bbox
698541837,Kilimani,pharmacy,1,0,-1.312037,36.7923911,Meru Chemist,bbox
698541840,Kilimani,pharmacy,1,0,-1.3119095,36.7926738,Jahoma Bay Chemist,bbox
698592301,Kilimani,pharmacy,1,0,-1.3087718,36.7901495,Chemist,bbox
698592302,Kilimani,pharmacy,1,0,-1.3090739,36.790384,Chemist,bbox
698592304,Kilimani,pharmacy,1,0,-1.3080445,36.7894352,Chemist,bbox
698592305,Kilimani,pharmacy,1,0,-1.314296,36.7960183,community,bbox
698592314,Kilimani,pharmacy,1,0,-1.3122271,36.7977084,Chemist,bbox
698602287,Kilimani,pharmacy,1,0,-1.3121023,36.7783046,Balozi,bbox
698602288,Kilimani,pharmacy,1,0,-1.3119434,36.7783566,Amalasia,bbox
698602290,Kilimani,pharmacy,1,0,-1.3124345,36.7822737,REMS,bbox
698602292,Kilimani,pharmacy,1,0,-1.3059372,36.7875633,Kibera Herbalist,bbox
698629331,Kilimani,pharmacy,1,0,-1.3154417,36.7790203,Hiltop Chemist,bbox
698629339,Kilimani,pharmacy,1,0,-1.3153123,36.7793682,Blue Cross Community Chemist,bbox
698629343,Kilimani,pharmacy,1,0,-1.314895,36.7847122,Nango Chemist,bbox
701794585,Kilimani,pharmacy,1,0,-1.3121691,36.7752627,Jamii Chemist,bbox
701794601,Kilimani,pharmacy,1,0,-1.3111346,36.7750931,Sisi Chemist,bbox
701794605,Kilimani,pharmacy,1,0,-1.3111319,36.7756493,Ayany Chemist,bbox
701794614,Kilimani,pharmacy,1,0,-1.3111207,36.776079,Terminus Chemist,bbox
701794619,Kilimani,pharmacy,1,0,-1.3105992,36.7757249,Omweri Chemist,bbox
701794627,Kilimani,pharmacy,1,0,-1.3096087,36.7732727,Rahisi Pharmacy,bbox
701794632,Kilimani,pharmacy,1,0,-1.3101169,36.7734887,YU 42Chemist,bbox
701794691,Kilimani,pharmacy,1,0,-1.3108623,36.7816908,Olive Chemist,bbox
701794697,Kilimani,pharmacy,1,0,-1.3100685,36.780605,Karanja Chemist,bbox
701794717,Kilimani,pharmacy,1,0,-1.3113608,36.7828675,Jadunga Chemist,bbox
701794734,Kilimani,pharmacy,1,0,-1.3109184,36.7831096,Brimart Chemist,bbox
701797825,Kilimani,pharmacy,1,0,-1.3114452,36.7902544,Community chemist,bbox
708659008,Kilimani,pharmacy,1,0,-1.3078404,36.7820031,Ado pharm Chemist,bbox
708685448,Kilimani,pharmacy,1,0,-1.3114328,36.7873282,Community Herbalist,bbox
708685449,Kilimani,pharmacy,1,0,-1.3108793,36.7883787,Mt. Kenya Chemist,bbox
708731820,Kilimani,pharmacy,1,0,-1.3111486,36.7755719,Ja dunga,bbox
708750160,Kilimani,pharmacy,1,0,-1.3147918,36.8002154,Nyasira Chemist,bbox
874841892,Kilimani,pharmacy,1,0,-1.3147947,36.7922037,Community Chemist,bbox
1249726647,Kilimani,pharmacy,1,0,-1.3096646,36.786077,Rahisi Chemist,bbox
1249779969,Kilimani,pharmacy,1,0,-1.3076061,36.7826426,Brimat Chemist,bbox
1691733175,Kilimani,pharmacy,1,0,-1.3121477,36.7785696,Capital Chemist,bbox
1722668365,Kilimani,pharmacy,1,0,-1.3115149,36.7783202,Stage chemist,bbox
1727588861,Kilimani,pharmacy,1,0,-1.3130861,36.7823436,family drug center,bbox
1727588883,Kilimani,pharmacy,1,0,-1.3151478,36.7794846,toresh chemist,bbox
1771323211,Kilimani,pharmacy,1,0,-1.3155271,36.7927989,Chemist,bbox
1801454683,Kilimani,pharmacy,1,0,-1.3111143,36.774943,Ant Hill Chemist,bbox
1804804159,Kilimani,pharmacy,1,0,-1.3105009,36.7739834,Triwam Pharmacy,bbox
1875796688,Kilimani,pharmacy,1,0,-1.3047254,36.7746747,Woodley,bbox
2051080150,Kilimani,pharmacy,1,0,-1.3151091,36.7998541,cheupe chemist,bbox
2052594494,Kilimani,pharmacy,1,0,-1.3111604,36.7950002,St Edith,bbox
2429056286,Kilimani,pharmacy,1,0,-1.3139983,36.7769308,Endojet,bbox
2433643012,Kilimani,pharmacy,1,0,-1.3105059,36.7741319,ramogi chemist,bbox
2438933686,Kilimani,pharmacy,1,0,-1.3125053,36.7755139,Barod clinic,bbox
2444298591,Kilimani,pharmacy,1,0,-1.3119061,36.7749969,chemist,bbox
2452590954,Kilimani,pharmacy,1,0,-1.3155131,36.7788593,,bbox
2452885307,Kilimani,pharmacy,1,0,-1.3150268,36.7870608,chemist,bbox
2456557487,Kilimani,pharmacy,1,0,-1.314381,36.7820663,,bbox
2456557497,Kilimani,pharmacy,1,0,-1.3145235,36.7813515,,bbox
2456557502,Kilimani,pharmacy,1,0,-1.3146086,36.7808497,,bbox
2456557504,Kilimani,pharmacy,1,0,-1.3146341,36.7845498,,bbox
2511480633,Kilimani,pharmacy,1,0,-1.2984611,36.7630032,"Mimosa Pharmacy, Doctor and Laboratory",bbox
5295711139,Kilimani,pharmacy,1,0,-1.3154332,36.7930962,community chemist,bbox
5295842439,Kilimani,pharmacy,1,0,-1.3156205,36.7934918,Friends chemist,bbox
5412285972,Kilimani,pharmacy,1,0,-1.3032962,36.7717793,,bbox
5414200443,Kilimani,pharmacy,1,0,-1.3001528,36.7885567,"Goodlife Pharmacy, Total Ngong Road",bbox
5414200513,Kilimani,pharmacy,1,0,-1.2952192,36.7979745,Rosegate Pharmacy,bbox
5414200519,Kilimani,pharmacy,1,0,-1.2947068,36.7971086,Malibu Pharmacy Ltd,bbox
5414280550,Kilimani,pharmacy,1,0,-1.2929993,36.7879856,Yaya Chemists Limited,bbox
5414335722,Kilimani,pharmacy,1,0,-1.2943735,36.7986474,Linkemmed Pharmacy,bbox
10797199726,Kilimani,pharmacy,1,0,-1.2795452,36.7691925,PharmaPlus,bbox
10803647692,Kilimani,pharmacy,1,0,-1.2908467,36.7703653,Trichem,bbox
10803677610,Kilimani,pharmacy,1,0,-1.2907512,36.770368,Goodlife,bbox
13952691701,Kilimani,pharmacy,1,0,-1.2925595,36.7857564,Pharmaplus,bbox
30210243,Kilimani,restaurant,1,0,-1.294902,36.7996806,The Blues,bbox
30210244,Kilimani,restaurant,1,0,-1.2949839,36.7981018,Shanghai Restaurant,bbox
30210293,Kilimani,restaurant,1,0,-1.293115,36.7933716,New Beijing Restaurant,bbox
255660901,Kilimani,restaurant,1,0,-1.2889249,36.7900038,Osteria del Chianti,bbox
255682373,Kilimani,restaurant,1,0,-1.2887897,36.790909,Cedars Restaurant,bbox
255683130,Kilimani,restaurant,1,0,-1.2856126,36.791729,Q Lounge,bbox
315205740,Kilimani,restaurant,1,0,-1.2922001,36.782942,Diners Gardens,bbox
323106965,Kilimani,restaurant,1,0,-1.2893296,36.7883178,Misono,bbox
354402134,Kilimani,restaurant,1,0,-1.2981045,36.7620635,Mediterraneo,bbox
473447888,Kilimani,restaurant,1,0,-1.2923256,36.779866,Habesha,bbox
612008498,Kilimani,restaurant,1,0,-1.3091266,36.7757061,4u2 bar and restaurant,bbox
612009164,Kilimani,restaurant,1,0,-1.3107184,36.7960409,Cate take away hotel,bbox
688708704,Kilimani,restaurant,1,0,-1.2898667,36.7752906,Pumula Restaurant,bbox
702366033,Kilimani,restaurant,1,0,-1.2963565,36.7796753,Smart Village,bbox
771252811,Kilimani,restaurant,1,0,-1.2991259,36.791691,The Agenda,bbox
842042537,Kilimani,restaurant,1,0,-1.2949522,36.7970213,Tamasha Hurlingham,bbox
948311709,Kilimani,restaurant,1,0,-1.3071557,36.7865741,Muscat Bar and Restaurant,bbox
1306116731,Kilimani,restaurant,1,0,-1.2992947,36.7655211,Brew Bistro,bbox
1306116734,Kilimani,restaurant,1,0,-1.2932159,36.7651931,Sabrina's,bbox
1306116740,Kilimani,restaurant,1,0,-1.2985954,36.7618023,Artcaffé,bbox
1306122776,Kilimani,restaurant,1,0,-1.290164,36.7753747,Sushi Soo,bbox
1333669394,Kilimani,restaurant,1,0,-1.2899904,36.8003077,Lenana Restaurant,bbox
1333669419,Kilimani,restaurant,1,0,-1.2897204,36.8004228,Lower Restaurant,bbox
1333670146,Kilimani,restaurant,1,0,-1.2917346,36.795884,Checkers inn Bar & restaurant,bbox
1628483809,Kilimani,restaurant,1,0,-1.2982433,36.7620588,Phoenician,bbox
1727588852,Kilimani,restaurant,1,0,-1.3147634,36.7805112,beba beba hotel,bbox
1727588877,Kilimani,restaurant,1,0,-1.3146578,36.780772,mama obama hotel,bbox
1764202913,Kilimani,restaurant,1,0,-1.2855785,36.7863582,Gracia Gardens,bbox
3776166740,Kilimani,restaurant,1,0,-1.2884017,36.7899739,Casablanca,bbox
3996188572,Kilimani,restaurant,1,0,-1.2948261,36.7999469,Kula Korner,bbox
4075648759,Kilimani,restaurant,1,0,-1.2947784,36.7872703,Newscafe - Adlife (Kilimani),bbox
4075662155,Kilimani,restaurant,1,0,-1.2948368,36.7872865,Big Square,bbox
4178774490,Kilimani,restaurant,1,0,-1.3005394,36.7820246,Damera,bbox
4463296106,Kilimani,restaurant,1,0,-1.2896743,36.7709874,For You Chinese Restaurant,bbox
4772237778,Kilimani,restaurant,1,0,-1.293612,36.7950745,Pablo's,bbox
4789983224,Kilimani,restaurant,1,0,-1.2813722,36.7690626,Tokyo Restaurant,bbox
4923541341,Kilimani,restaurant,1,0,-1.2943488,36.7990948,Nook,bbox
4966765923,Kilimani,restaurant,1,0,-1.2934686,36.785158,Caribbean,bbox
5254474221,Kilimani,restaurant,1,0,-1.2907703,36.7827542,Fogo Gaucho,bbox
5328528781,Kilimani,restaurant,1,0,-1.2975822,36.7911663,Soiree Gardens Restaurant,bbox
5329314570,Kilimani,restaurant,1,0,-1.2930182,36.7779456,Under The Radar,bbox
5333185204,Kilimani,restaurant,1,0,-1.2782442,36.7694325,Mambo Italia,bbox
5333185205,Kilimani,restaurant,1,0,-1.2781731,36.7693226,Adega Kenya,bbox
5333189065,Kilimani,restaurant,1,0,-1.2767559,36.7681581,Peri-peri grill,bbox
5333318303,Kilimani,restaurant,1,0,-1.2854862,36.7627378,Toranj Restaurant,bbox
5333319731,Kilimani,restaurant,1,0,-1.286289,36.7623349,910 James Gichuru,bbox
5334827411,Kilimani,restaurant,1,0,-1.2847219,36.771901,CHEKAFE Japanese Izakaya,bbox
5334902098,Kilimani,restaurant,1,0,-1.2863095,36.7789988,Strollers Haven,bbox
5334902635,Kilimani,restaurant,1,0,-1.2873168,36.7785983,Wu Jiayuan hotel,bbox
5334926566,Kilimani,restaurant,1,0,-1.2906238,36.7702199,Java House Valley Arcade,bbox
5334928939,Kilimani,restaurant,1,0,-1.2913348,36.770383,La Salumeria Restaurant,bbox
5334947084,Kilimani,restaurant,1,0,-1.2934521,36.7623765,Pampa Churrascaria Lavington,bbox
5334998841,Kilimani,restaurant,1,0,-1.298001,36.7632151,Double Dragon Company Ltd.,bbox
5339116165,Kilimani,restaurant,1,0,-1.2800259,36.7697367,Artcaffe Lavington,bbox
5339220442,Kilimani,restaurant,1,0,-1.2761391,36.7918972,Java Rosslyn Riviera,bbox
5339224752,Kilimani,restaurant,1,0,-1.2761213,36.7877876,Solar Garden,bbox
5339224753,Kilimani,restaurant,1,0,-1.2798703,36.7835011,Swadish Gardens,bbox
5339286100,Kilimani,restaurant,1,0,-1.2867121,36.7716574,Captain Grill,bbox
5339303190,Kilimani,restaurant,1,0,-1.2883504,36.7689921,Mama Ashanti Ghanaian Restaurant,bbox
5340504521,Kilimani,restaurant,1,0,-1.2913329,36.7856058,Yejoka Gardens,bbox
5353001755,Kilimani,restaurant,1,0,-1.2970545,36.7618308,Sip 'N' Lip,bbox
5378425141,Kilimani,restaurant,1,0,-1.2849401,36.7931569,Road House Grill Kilimani,bbox
5401775774,Kilimani,restaurant,1,0,-1.3046842,36.8004825,Awash Ethiopian Restaurant,bbox
5401775798,Kilimani,restaurant,1,0,-1.3004602,36.7956411,Hartebeest Camp And Guest House,bbox
5401775805,Kilimani,restaurant,1,0,-1.3007247,36.7945562,New Visa Place Restaurant,bbox
5412286001,Kilimani,restaurant,1,0,-1.2999836,36.772962,Onyx Lounge & Restaurant,bbox
5412286002,Kilimani,restaurant,1,0,-1.2998932,36.7732098,Kafein Bistro,bbox
5412286009,Kilimani,restaurant,1,0,-1.2988722,36.7741841,Chef & Chef,bbox
5412286141,Kilimani,restaurant,1,0,-1.29913,36.7771105,Dae Jang Geum,bbox
5412286144,Kilimani,restaurant,1,0,-1.2994881,36.7790693,Aroma Spot Restaurant,bbox
5412286145,Kilimani,restaurant,1,0,-1.2990799,36.7788003,The Bing Restaurant,bbox
5412286168,Kilimani,restaurant,1,0,-1.3008572,36.7804822,Jamret Restaurant,bbox
5412286169,Kilimani,restaurant,1,0,-1.3020824,36.7797557,Pilau Place,bbox
5412286173,Kilimani,restaurant,1,0,-1.300479,36.781691,Damera Restaurant And Club,bbox
5412286187,Kilimani,restaurant,1,0,-1.3025243,36.7813729,Kontainer City Restaurant,bbox
5412286201,Kilimani,restaurant,1,0,-1.2991721,36.7839618,BLVCK Lounge,bbox
5412286202,Kilimani,restaurant,1,0,-1.2994451,36.7843272,The Cave,bbox
5412286532,Kilimani,restaurant,1,0,-1.3003352,36.7846388,Motherland Inn Restaurant,bbox
5414007497,Kilimani,restaurant,1,0,-1.2944252,36.7911984,Mama Oliech Restaurant,bbox
5414007498,Kilimani,restaurant,1,0,-1.2942425,36.7913157,Han Di Yuan Restaurant,bbox
5414007500,Kilimani,restaurant,1,0,-1.2947232,36.7912792,Lalls Take Away,bbox
5414007501,Kilimani,restaurant,1,0,-1.2948866,36.7913099,Food Basket,bbox
5414008444,Kilimani,restaurant,1,0,-1.2982473,36.7904965,Lucie Cafe and Restaurant,bbox
5414008445,Kilimani,restaurant,1,0,-1.2980435,36.7897753,Chateau Rouge,bbox
5414008446,Kilimani,restaurant,1,0,-1.2980819,36.7892157,Cakes.co.ke,bbox
5414008463,Kilimani,restaurant,1,0,-1.3010177,36.7868715,1001 Nights Restaurant,bbox
5414008465,Kilimani,restaurant,1,0,-1.3008851,36.7874349,Bombay Chowpaty Ltd,bbox
5414008466,Kilimani,restaurant,1,0,-1.3008274,36.787308,Chinese Corner (Ngong) Ltd,bbox
5414008472,Kilimani,restaurant,1,0,-1.3009389,36.7872311,Punjabi By Nature,bbox
5414008475,Kilimani,restaurant,1,0,-1.3007447,36.7869695,Mocca,bbox
5414008476,Kilimani,restaurant,1,0,-1.300762,36.7869003,Urban Burger,bbox
5414008481,Kilimani,restaurant,1,0,-1.3006486,36.7876792,Zigna Coffee shop,bbox
5414008484,Kilimani,restaurant,1,0,-1.3017906,36.7886003,Foglia 雾都利亚,bbox
5414008486,Kilimani,restaurant,1,0,-1.3001655,36.7846757,"Tofu Square, Imperial City Pot 豆腐坊、皇城火锅",bbox
5414008488,Kilimani,restaurant,1,0,-1.3005606,36.785675,The Sport Pool Bar,bbox
5414008507,Kilimani,restaurant,1,0,-1.2988031,36.7845939,Menelik House,bbox
5414008554,Kilimani,restaurant,1,0,-1.2989298,36.7864927,Space Lounge Bar & Grill,bbox
5414008566,Kilimani,restaurant,1,0,-1.2990461,36.7869695,Café Tal,bbox
5414200444,Kilimani,restaurant,1,0,-1.3001464,36.7887753,Bounjour Restaurant,bbox
5414200446,Kilimani,restaurant,1,0,-1.3010569,36.7891443,The Coconut Ltd Nairobi,bbox
5414200464,Kilimani,restaurant,1,0,-1.2997581,36.7919678,Arts & Soul Lounge,bbox
5414200488,Kilimani,restaurant,1,0,-1.2978288,36.7942272,Ashaki Grill,bbox
5414200494,Kilimani,restaurant,1,0,-1.2958763,36.7998734,Chinese hotel,bbox
5414200505,Kilimani,restaurant,1,0,-1.2955372,36.7987698,Kyheo Restaurant,bbox
5414200512,Kilimani,restaurant,1,0,-1.2952324,36.7980541,Seafood Center,bbox
5414201174,Kilimani,restaurant,1,0,-1.2959759,36.7951668,Saffron Indian Kitchen,bbox
5414201184,Kilimani,restaurant,1,0,-1.2939319,36.7935937,Ethiopian Restaurant,bbox
5414201189,Kilimani,restaurant,1,0,-1.2942592,36.7937284,Yedil Cafe & Restaurant,bbox
5414201210,Kilimani,restaurant,1,0,-1.2939432,36.7928578,Sa'ani African Bistro,bbox
5414201222,Kilimani,restaurant,1,0,-1.2960507,36.7933628,Dejina Smart Village Restaurant,bbox
5414201227,Kilimani,restaurant,1,0,-1.2950577,36.7907928,Pete's Coffee Chania,bbox
5414248194,Kilimani,restaurant,1,0,-1.2892279,36.783367,Ankole Grill,bbox
5414280544,Kilimani,restaurant,1,0,-1.2927625,36.7877393,Pizza Hut,bbox
5414280545,Kilimani,restaurant,1,0,-1.2929447,36.7877345,Chinese Kitchen & Dim Sum House,bbox
5414280548,Kilimani,restaurant,1,0,-1.2929258,36.787933,Dorman's Cafe,bbox
5414280551,Kilimani,restaurant,1,0,-1.292837,36.7876523,Nyama Mama Xpress,bbox
5414280552,Kilimani,restaurant,1,0,-1.2929412,36.7878439,Artcaffe Yaya,bbox
5414280553,Kilimani,restaurant,1,0,-1.293062,36.7875645,Alexandre Choclatier,bbox
5414280554,Kilimani,restaurant,1,0,-1.2933999,36.7877476,Minar Restaurant Ltd,bbox
5414280560,Kilimani,restaurant,1,0,-1.2930824,36.7879029,Absolute Juice,bbox
5414280566,Kilimani,restaurant,1,0,-1.2945581,36.7871642,KAI Sushi Bar Nairobi,bbox
5414280567,Kilimani,restaurant,1,0,-1.294897,36.7871832,Kivirio Desserts,bbox
5414280568,Kilimani,restaurant,1,0,-1.2948321,36.7879466,Rubycut,bbox
5414280585,Kilimani,restaurant,1,0,-1.2934846,36.7859257,Peppermint Grove,bbox
5414335598,Kilimani,restaurant,1,0,-1.2923208,36.7906043,Mohni Restaurant,bbox
5414335599,Kilimani,restaurant,1,0,-1.2925503,36.790693,The Future Lounge,bbox
5414335602,Kilimani,restaurant,1,0,-1.2922113,36.7922139,Capri7 Restaurant & Bar,bbox
5414335608,Kilimani,restaurant,1,0,-1.2927538,36.7919165,Chicken Roost,bbox
5414335609,Kilimani,restaurant,1,0,-1.2929572,36.7920209,Chinese Dumpling House,bbox
5414335610,Kilimani,restaurant,1,0,-1.2927825,36.7923861,Silk Noodles,bbox
5414335617,Kilimani,restaurant,1,0,-1.2922113,36.7951698,Jingling Chinese Restaurant,bbox
5414335723,Kilimani,restaurant,1,0,-1.2938753,36.7989605,ANPA Restaurant,bbox
5414335735,Kilimani,restaurant,1,0,-1.2946343,36.7992448,Chopstix Restaurant,bbox
5414335736,Kilimani,restaurant,1,0,-1.2947438,36.7996909,Mc Fry's-Hurlingham,bbox
5414335737,Kilimani,restaurant,1,0,-1.2946604,36.7998918,The Shirpa,bbox
5428924102,Kilimani,restaurant,1,0,-1.2918624,36.7908057,Golden Spot Bar & Restaurant,bbox
5440487408,Kilimani,restaurant,1,0,-1.2878123,36.7877829,Guangdong Hotel,bbox
5440487409,Kilimani,restaurant,1,0,-1.2870561,36.7869783,Yue Hai Restaurant,bbox
5440487418,Kilimani,restaurant,1,0,-1.2879732,36.7862058,O'Sinkirri Restaurant,bbox
5440491022,Kilimani,restaurant,1,0,-1.290333,36.7872894,Abyssinia Exotic Restaurant,bbox
5440491040,Kilimani,restaurant,1,0,-1.2862141,36.7839259,Dennis Pritt Lounge,bbox
5440491069,Kilimani,restaurant,1,0,-1.2877001,36.7790845,Tipsy’s Lounge & Restaurant,bbox
5440491077,Kilimani,restaurant,1,0,-1.292843,36.7815046,Garden Fresh Dishes,bbox
5440538387,Kilimani,restaurant,1,0,-1.2943836,36.7746906,Sanjha Chulha Restaurant,bbox
5440538392,Kilimani,restaurant,1,0,-1.2944698,36.7764499,Peach Blossom Hotel 桃花源饭店,bbox
5440538396,Kilimani,restaurant,1,0,-1.2960808,36.7733534,Nyumbani Restaurant,bbox
5440538411,Kilimani,restaurant,1,0,-1.2987538,36.7783502,UpTown Grill,bbox
5456668214,Kilimani,restaurant,1,0,-1.2887111,36.7922065,Grand cafe & Indian cuisine,bbox
5456668219,Kilimani,restaurant,1,0,-1.2851486,36.7915978,Dambusters Hurlingham,bbox
5456668630,Kilimani,restaurant,1,0,-1.2909999,36.7929151,The Hood,bbox
5587461643,Kilimani,restaurant,1,0,-1.2874422,36.7845225,Kilimani,bbox
5678257734,Kilimani,restaurant,1,0,-1.2853083,36.7900811,ORO Restaurant and Lounge,bbox
5779838662,Kilimani,restaurant,1,0,-1.2894579,36.7895379,Pinotage,bbox
6131057614,Kilimani,restaurant,1,0,-1.2793359,36.7705407,Java House Lavington,bbox
6141845873,Kilimani,restaurant,1,0,-1.2798369,36.7698076,D's Place,bbox
6141845874,Kilimani,restaurant,1,0,-1.2800526,36.7701534,"Saape Lounge, Lavington",bbox
6141845875,Kilimani,restaurant,1,0,-1.2808697,36.7692314,"vida e caffe, St. Austins",bbox
6141845876,Kilimani,restaurant,1,0,-1.2802599,36.7706249,Stack & Squeeze,bbox
6141848513,Kilimani,restaurant,1,0,-1.2841925,36.7645933,Mummydada's Nigerian Restaurant,bbox
6141848539,Kilimani,restaurant,1,0,-1.2860213,36.7619825,Le Palanka Pan-African Restaurant,bbox
6178867978,Kilimani,restaurant,1,0,-1.2998688,36.7730242,Mugz & Brewz,bbox
6180780604,Kilimani,restaurant,1,0,-1.2998733,36.7729434,Yum Deliveries,bbox
6184419654,Kilimani,restaurant,1,0,-1.2991308,36.7905161,Kaikos,bbox
6184422813,Kilimani,restaurant,1,0,-1.2987666,36.7785802,Maatam Restaurant. Swahili Cuisine,bbox
6184425943,Kilimani,restaurant,1,0,-1.2996772,36.78088,Valhalla Sports Bar,bbox
6195483186,Kilimani,restaurant,1,0,-1.2936402,36.781938,Caffè Concerto,bbox
6375755424,Kilimani,restaurant,1,0,-1.294849,36.7970997,Century Lounge,bbox
6591715786,Kilimani,restaurant,1,0,-1.296921,36.7821333,Katanazi Restaurant,bbox
6606049702,Kilimani,restaurant,1,0,-1.3096977,36.7803875,Arusha,bbox
7016779391,Kilimani,restaurant,1,0,-1.3003632,36.7814289,La Terrazza,bbox
7211661185,Kilimani,restaurant,1,0,-1.300291,36.7819088,Misono Japanese Restaurant,bbox
8917666121,Kilimani,restaurant,1,0,-1.2894669,36.7921572,Cloud Twenty,bbox
9001124803,Kilimani,restaurant,1,0,-1.3085285,36.7730813,K.O,bbox
9001317319,Kilimani,restaurant,1,0,-1.310347,36.7738971,Nice Dishes Hotel,bbox
9003460726,Kilimani,restaurant,1,0,-1.3109726,36.7749331,Kianda Restaurant,bbox
9003466809,Kilimani,restaurant,1,0,-1.3119218,36.7750397,The Chef's Kitchen,bbox
9003479153,Kilimani,restaurant,1,0,-1.3110353,36.7759752,Masters Touch Bakery and Restaurant,bbox
9003487017,Kilimani,restaurant,1,0,-1.3109608,36.775868,Mzee Komu,bbox
9003685358,Kilimani,restaurant,1,0,-1.3145008,36.7821577,Msamaria Hotel,bbox
9013226406,Kilimani,restaurant,1,0,-1.313478,36.7797529,,bbox
9013244091,Kilimani,restaurant,1,0,-1.3132795,36.7800207,Kanyariro Hotel,bbox
9013406828,Kilimani,restaurant,1,0,-1.3158511,36.775552,,bbox
9013490788,Kilimani,restaurant,1,0,-1.3141637,36.77838,Jecil,bbox
9013549099,Kilimani,restaurant,1,0,-1.3140953,36.7790974,The New Dawn Hotel,bbox
9013685672,Kilimani,restaurant,1,0,-1.3126324,36.7790619,Joerech Restaurant,bbox
9013717612,Kilimani,restaurant,1,0,-1.3126053,36.7791459,Savanah Hotel,bbox
9013884276,Kilimani,restaurant,1,0,-1.3111256,36.7790324,Hotel Gracious,bbox
9013929900,Kilimani,restaurant,1,0,-1.3103981,36.7794671,River Side Hotel,bbox
9016721211,Kilimani,restaurant,1,0,-1.3130379,36.7775335,Hotel,bbox
9016779267,Kilimani,restaurant,1,0,-1.3128236,36.7772983,Mama Ahmed Hotel,bbox
9016788570,Kilimani,restaurant,1,0,-1.312936,36.7774421,Joslex Hotel,bbox
9016965279,Kilimani,restaurant,1,0,-1.3118736,36.7774192,,bbox
9017010193,Kilimani,restaurant,1,0,-1.3148665,36.7849562,Siz Mini Hotel,bbox
9017037995,Kilimani,restaurant,1,0,-1.3149324,36.7855833,Mullo Safi Hotel,bbox
9037539710,Kilimani,restaurant,1,0,-1.3144458,36.7826873,Otumbo Hotel,bbox
9037568629,Kilimani,restaurant,1,0,-1.3142748,36.7824138,Ugenya Quality Hotel,bbox
9037746694,Kilimani,restaurant,1,0,-1.3141713,36.7823987,Kwa Eva Hotel,bbox
9232378203,Kilimani,restaurant,1,0,-1.2943156,36.7993411,Ka Dana Delicacies,bbox
9466537394,Kilimani,restaurant,1,0,-1.2921603,36.7800421,Habesha Restaurant,bbox
9586362258,Kilimani,restaurant,1,0,-1.2876985,36.7726885,Asmara Restaurant (Ethopian),bbox
9586382042,Kilimani,restaurant,1,0,-1.2847971,36.7753492,Samaki Samaki Seafood & Jazz,bbox
9587513090,Kilimani,restaurant,1,0,-1.2981932,36.775215,Malo Malo BBq,bbox
9722375017,Kilimani,restaurant,1,0,-1.287507,36.7857172,Hot Pot,bbox
9722395518,Kilimani,restaurant,1,0,-1.2908759,36.7827463,Five Senses,bbox
9906187617,Kilimani,restaurant,1,0,-1.2962882,36.798832,Ain,bbox
10719214891,Kilimani,restaurant,1,0,-1.2926301,36.7736669,Kuan Zhai House,bbox
10880721206,Kilimani,restaurant,1,0,-1.2907967,36.7871196,Glorious Eateries,bbox
10965472707,Kilimani,restaurant,1,0,-1.2902981,36.7830125,Daily Harvest Gardens,bbox
10992430305,Kilimani,restaurant,1,0,-1.2820678,36.7664316,Crafty Chameleon,bbox
12056913104,Kilimani,restaurant,1,0,-1.2866589,36.7954378,Hooyo's Kitchen & Poetry,bbox
12155923054,Kilimani,restaurant,1,0,-1.2930725,36.7621693,Geco Cafe,bbox
13138453736,Kilimani,restaurant,1,0,-1.2825534,36.7850772,Chowparty Kileleshwa,bbox
13573806595,Kilimani,restaurant,1,0,-1.2990206,36.8011691,Western Delicacy,bbox
13912595405,Kilimani,restaurant,1,0,-1.2919214,36.7902543,Amalayi,bbox
13952604501,Kilimani,restaurant,1,0,-1.2933621,36.7858564,Saffron Grill,bbox
5361293325,Kilimani,salon,2,0,-1.2895623,36.7864428,Posh Palace Hair Studio & Spa,bbox
5414007499,Kilimani,salon,2,0,-1.2945232,36.7913926,Oasis Spa Point,bbox
5440487419,Kilimani,salon,2,0,-1.2886114,36.7857659,Artistry Salon & Spa,bbox
9722395619,Kilimani,salon,2,0,-1.2913786,36.7830755,Alexiz Naturel Salon & Spa,bbox
9722395620,Kilimani,salon,2,0,-1.2915158,36.7830564,MasterCraft Barbershop,bbox
10566929712,Kilimani,salon,2,0,-1.295659,36.7976716,Merielylne Beauty,bbox
13062161847,Kilimani,salon,2,0,-1.3009373,36.7885727,Detox Health Spa,bbox
30092040,Kilimani,supermarket,1,0,-1.2984066,36.7633237,Carrefour,bbox
612007089,Kilimani,supermarket,1,0,-1.3103868,36.7958157,LainiI Saba Market,bbox
612007705,Kilimani,supermarket,1,0,-1.3122214,36.797677,Kaloki Super Market,bbox
612008449,Kilimani,supermarket,1,0,-1.3151523,36.7797164,cereals,bbox
612008494,Kilimani,supermarket,1,0,-1.3102203,36.7760353,Grocery,bbox
612008948,Kilimani,supermarket,1,0,-1.3133438,36.7967341,Wholesale,bbox
612008949,Kilimani,supermarket,1,0,-1.3132941,36.7969956,Wholesale,bbox
612009211,Kilimani,supermarket,1,0,-1.3088987,36.7731126,m.cliff mini mart,bbox
744432249,Kilimani,supermarket,1,0,-1.3007033,36.7873227,Nakumatt Prestige,bbox
1635588108,Kilimani,supermarket,1,0,-1.2932895,36.7876075,Chandarana Supermarket,bbox
1874195120,Kilimani,supermarket,1,0,-1.3014386,36.7801309,Uchumi,bbox
2137955367,Kilimani,supermarket,1,0,-1.3004022,36.781746,Naivas Supermarket Greenhouse,bbox
2511478541,Kilimani,supermarket,1,0,-1.2981386,36.7633609,Zucchini,bbox
4075659130,Kilimani,supermarket,1,0,-1.2944514,36.7872314,Foodplus Chandarana Adlife,bbox
5330949488,Kilimani,supermarket,1,0,-1.2802139,36.7704244,Chandarana Foodplus Supermarket (Lavington Branch),bbox
5411903689,Kilimani,supermarket,1,0,-1.2992193,36.7654797,JD's Supermarket,bbox
5414335721,Kilimani,supermarket,1,0,-1.2945013,36.7983291,Safeway Hypermarkets,bbox
6084050127,Kilimani,supermarket,1,0,-1.3006632,36.779892,Tuskys;Turskys,bbox
6395368822,Kilimani,supermarket,1,0,-1.2899363,36.773464,QuickMart,bbox
8901162637,Kilimani,supermarket,1,0,-1.2981566,36.7831953,QuickMart,bbox
9587521823,Kilimani,supermarket,1,0,-1.2930205,36.7928528,QuickMart,bbox
10803671733,Kilimani,supermarket,1,0,-1.2912181,36.7698405,,bbox
10925121156,Kilimani,supermarket,1,0,-1.2911055,36.7882856,Naivas,bbox
13952691501,Kilimani,supermarket,1,0,-1.2925654,36.7856369,Naivas Food Market,bbox
612009161,Laini Saba,fast_food,2,0,-1.3108836,36.7959399,Oasis of Love hotel,bbox
612008486,Laini Saba,hairdresser,1,0,-1.3121728,36.7965682,Shimba Hills salon,bbox
612008733,Laini Saba,hairdresser,1,0,-1.3114071,36.7942502,Boys to Men Kinyozi,bbox
612008750,Laini Saba,hairdresser,1,0,-1.311174,36.794949,Highbury kinyozi,bbox
612008753,Laini Saba,hairdresser,1,0,-1.3111331,36.7949129,Junction salon and kinyozi,bbox
612008944,Laini Saba,hairdresser,1,0,-1.3129287,36.7948886,Sunny line kinyozi,bbox
612008991,Laini Saba,hairdresser,1,0,-1.31145,36.7965374,Paris classic salon and kinyozi,bbox
612009158,Laini Saba,hairdresser,1,0,-1.31084,36.795911,White House Kinyozi,bbox
612008990,Laini Saba,hardware,1,0,-1.3114456,36.7964108,Jom timber hardware,bbox
612007769,Laini Saba,kiosk,2,0,-1.3126322,36.7986368,Twenty Four Hotel,bbox
612008561,Laini Saba,kiosk,2,0,-1.3145274,36.7976817,Dumani mini shop,bbox
612008564,Laini Saba,kiosk,2,0,-1.3133764,36.797097,Wendani Hotel,bbox
612008588,Laini Saba,kiosk,2,0,-1.3124008,36.7986786,Hotel De Vegas,bbox
612008589,Laini Saba,kiosk,2,0,-1.3122825,36.7988195,Home pride shop,bbox
612008590,Laini Saba,kiosk,2,0,-1.3123773,36.7987624,M pesa shop,bbox
612008727,Laini Saba,kiosk,2,0,-1.3116432,36.7933675,Posho Mill,bbox
612008749,Laini Saba,kiosk,2,0,-1.3111884,36.7949698,Steve's Kiosk,bbox
612008947,Laini Saba,kiosk,2,0,-1.3131832,36.7963749,Unique store,bbox
612008945,Laini Saba,pharmacy,1,0,-1.3129475,36.7949758,Bedan Clinic,bbox
612008958,Laini Saba,pharmacy,1,0,-1.3119244,36.7938832,St. Edith Clinic,bbox
612011308,Laini Saba,pharmacy,1,0,-1.3131964,36.7973847,Cahm Herbal and Nutrition Clinic,bbox
612011373,Laini Saba,pharmacy,1,0,-1.311816,36.7979024,Eagle's Family Clinic,bbox
698592305,Laini Saba,pharmacy,1,0,-1.314296,36.7960183,community,bbox
698592314,Laini Saba,pharmacy,1,0,-1.3122271,36.7977084,Chemist,bbox
2052594494,Laini Saba,pharmacy,1,0,-1.3111604,36.7950002,St Edith,bbox
612009164,Laini Saba,restaurant,1,0,-1.3107184,36.7960409,Cate take away hotel,bbox
612007089,Laini Saba,supermarket,1,0,-1.3103868,36.7958157,LainiI Saba Market,bbox
612007705,Laini Saba,supermarket,1,0,-1.3122214,36.797677,Kaloki Super Market,bbox
612008948,Laini Saba,supermarket,1,0,-1.3133438,36.7967341,Wholesale,bbox
612008949,Laini Saba,supermarket,1,0,-1.3132941,36.7969956,Wholesale,bbox
6779065196,Makadara,clothes,1,0,-6.1554804,39.2056748,,area
6778997592,Makadara,hairdresser,1,0,-6.1589855,39.2071896,All Star Hair Cuting Saloon,area
6778997590,Makadara,hardware,1,0,-6.1587775,39.2064493,Eddy Hardware,area
6778950299,Makadara,kiosk,2,0,-6.1611691,39.2096001,chips shop,area
6778981982,Makadara,kiosk,2,0,-6.1592235,39.2092509,,area
6779001722,Makadara,kiosk,2,0,-6.1593342,39.2068563,,area
6779029171,Makadara,kiosk,2,0,-6.1599702,39.204546,,area
6779065109,Makadara,kiosk,2,0,-6.1586088,39.2053308,,area
6779065112,Makadara,kiosk,2,0,-6.1586335,39.2054804,family cafe,area
6779065106,Makadara,laundry,2,0,-6.1586028,39.2050197,snowwhite laundry,area
6778950310,Makadara,pharmacy,1,0,-6.1605438,39.2093824,Al-amin Helb Medicine shop,area
6779001712,Makadara,salon,2,0,-6.1597242,39.2068577,Chama mamy Hair Saloon,area
1112902248,Mathare,clothes,1,0,-1.2616761,36.861109,,area
2306253588,Mathare,clothes,1,0,-1.2549388,36.8732104,WA JOHN,area
2306253589,Mathare,clothes,1,0,-1.2551794,36.8733109,WA JOHN,area
2306253590,Mathare,clothes,1,0,-1.2553955,36.8733946,WA JOHN,area
2306253591,Mathare,clothes,1,0,-1.2554964,36.8734357,WA JOHN,area
2306253593,Mathare,clothes,1,0,-1.2557303,36.8734202,WA JOHN,area
2389266159,Mathare,clothes,1,0,-1.2581705,36.875381,,area
8064761269,Mathare,greengrocer,2,0,-1.2643187,36.8543504,Mama mboga,area
1038193571,Mathare,hairdresser,1,0,-1.2657644,36.8556337,Salon,area
1112902269,Mathare,hairdresser,1,0,-1.2619337,36.8613177,,area
1123193247,Mathare,hairdresser,1,0,-1.2577566,36.8672985,Equator School of hairdressing,area
1123209320,Mathare,hairdresser,1,0,-1.2569107,36.8740752,Fabulous Salon,area
8128529182,Mathare,hairdresser,1,0,-1.2642233,36.853595,Kinyozi,area
8128567547,Mathare,hairdresser,1,0,-1.2652733,36.85514,Kinyozi,area
1110245200,Mathare,hardware,1,0,-1.263579,36.8492543,Murata Hardware,area
1123201174,Mathare,hardware,1,0,-1.259159,36.8687569,Kinyonga agencies,area
1123209322,Mathare,hardware,1,0,-1.2553147,36.8783762,Hasa Traders,area
1038189719,Mathare,kiosk,2,0,-1.2629251,36.850796,Wamogori Shop,area
1038193528,Mathare,kiosk,2,0,-1.2657832,36.8550079,General Shop,area
1038193557,Mathare,kiosk,2,0,-1.2657706,36.855658,Grocery,area
1038193576,Mathare,kiosk,2,0,-1.2652401,36.8552947,Big Deal General Store,area
1102975988,Mathare,kiosk,2,0,-1.2630545,36.857246,Poshomil to be changedl,area
1103092281,Mathare,kiosk,2,0,-1.2608808,36.8633597,Posho Mill,area
1110245194,Mathare,kiosk,2,0,-1.2634596,36.8493095,M Pesa,area
1110245201,Mathare,kiosk,2,0,-1.2636633,36.8492303,Wambos hotel,area
1110245204,Mathare,kiosk,2,0,-1.2626155,36.8494498,kerosene pump,area
1110245205,Mathare,kiosk,2,0,-1.2628394,36.8494774,,area
1111566364,Mathare,kiosk,2,0,-1.2547701,36.875481,Oda Hotel,area
1111566419,Mathare,kiosk,2,0,-1.2556077,36.8756071,VILLAGE DAIRY MILK,area
1112902244,Mathare,kiosk,2,0,-1.2621503,36.8608527,,area
1112905657,Mathare,kiosk,2,0,-1.2651347,36.8565759,Ultimate kiosk,area
1112905658,Mathare,kiosk,2,0,-1.2657644,36.8577978,Joyland store,area
1112905666,Mathare,kiosk,2,0,-1.2653828,36.8562192,Uncle Ben Shop,area
1123193245,Mathare,kiosk,2,0,-1.2577644,36.8681439,Nyar Mumbo poshomill,area
1123193412,Mathare,kiosk,2,0,-1.2607013,36.8666404,New Bethsaida cafe,area
1123201172,Mathare,kiosk,2,0,-1.2574448,36.8693086,Express posho millers,area
1123209294,Mathare,kiosk,2,0,-1.255436,36.8781359,Taqwa Hotel,area
1123209332,Mathare,kiosk,2,0,-1.2540737,36.8769507,Super Cutz Kinyonzi,area
1038103795,Mathare,pharmacy,1,0,-1.2633972,36.8599901,Uzima clinic,area
1038103805,Mathare,pharmacy,1,0,-1.2627701,36.8601884,Maisha clinic,area
1103092191,Mathare,pharmacy,1,0,-1.2601312,36.8646522,,area
1103092401,Mathare,pharmacy,1,0,-1.263136,36.8615677,Boodad Communicatiion Lifeguard Chemist,area
1103092408,Mathare,pharmacy,1,0,-1.2624673,36.8631166,,area
1103092466,Mathare,pharmacy,1,0,-1.2599385,36.864724,Kim's Pharmacy,area
1103092490,Mathare,pharmacy,1,0,-1.2621648,36.8629112,,area
1110227333,Mathare,pharmacy,1,0,-1.263407,36.8568156,4B Dispensing,area
1110239842,Mathare,pharmacy,1,0,-1.2658072,36.8456235,Mlango kubwa health care centre,area
1110239846,Mathare,pharmacy,1,0,-1.2652685,36.8453052,East chem medical,area
1110239850,Mathare,pharmacy,1,0,-1.2649739,36.844991,Blessed Medical Clinic,area
1110239855,Mathare,pharmacy,1,0,-1.2661003,36.845148,LIZ Rich medical,area
1110239857,Mathare,pharmacy,1,0,-1.2651518,36.8440642,Be well chemists,area
1110239864,Mathare,pharmacy,1,0,-1.2659536,36.8456541,Beden,area
1111566296,Mathare,pharmacy,1,0,-1.2568688,36.8755944,Life Care Chemist,area
1111566368,Mathare,pharmacy,1,0,-1.257507,36.8744569,Dispensing Chemist,area
1111566426,Mathare,pharmacy,1,0,-1.2555289,36.876015,MEDINA CHEMIST,area
1123201086,Mathare,pharmacy,1,0,-1.2575008,36.8691087,Amani Chemist,area
1123201133,Mathare,pharmacy,1,0,-1.2575181,36.869002,Transmax chemist,area
1123209250,Mathare,pharmacy,1,0,-1.2542863,36.8763409,Dawaline Pharmacy,area
1124602228,Mathare,pharmacy,1,0,-1.2588895,36.8644632,Late night chemist,area
2378763919,Mathare,pharmacy,1,0,-1.2575319,36.8692664,Deslan chemist,area
2378763923,Mathare,pharmacy,1,0,-1.2575886,36.8689412,HYPX MEDICARE/CHEMIST,area
2378763929,Mathare,pharmacy,1,0,-1.2576312,36.8691152,TRANSMAX HEALTHCARE,area
2378857067,Mathare,pharmacy,1,0,-1.2599379,36.8647674,Benakim chemist,area
2378857068,Mathare,pharmacy,1,0,-1.2596917,36.8625894,Faith chemist,area
2378857095,Mathare,pharmacy,1,0,-1.260344,36.8644588,Giant Foundation Heath Service Chemist,area
2378857098,Mathare,pharmacy,1,0,-1.2589601,36.8645038,Patriot chemist,area
2378857100,Mathare,pharmacy,1,0,-1.2601979,36.8646842,Pharm care chemist,area
2378857107,Mathare,pharmacy,1,0,-1.2595599,36.8645767,Ubora harbal chemist,area
2379875626,Mathare,pharmacy,1,0,-1.2615841,36.8544042,Afya stakaseas health centre,area
2379875645,Mathare,pharmacy,1,0,-1.2620373,36.8552985,Baraka chemist,area
2379875680,Mathare,pharmacy,1,0,-1.2614851,36.8542645,Faith care clinic,area
2379875699,Mathare,pharmacy,1,0,-1.2620786,36.855293,Mathare4Achemist,area
2385083676,Mathare,pharmacy,1,0,-1.2588022,36.8647768,Cordial medical clinic,area
2385083681,Mathare,pharmacy,1,0,-1.2604786,36.8656663,Rocks medical clinic,area
2385083682,Mathare,pharmacy,1,0,-1.2604644,36.867037,Urifold clinic,area
2387208974,Mathare,pharmacy,1,0,-1.2600302,36.8449326,Clinic,area
2388299294,Mathare,pharmacy,1,0,-1.2542673,36.8745588,Deli,area
2388299297,Mathare,pharmacy,1,0,-1.2551859,36.8734102,Drugpot dispensing chemist,area
2392593371,Mathare,pharmacy,1,0,-1.2656576,36.8545433,Mama africa clinic,area
4502070185,Mathare,pharmacy,1,0,-1.2625383,36.8502627,Cess Pharmacy,area
4502070186,Mathare,pharmacy,1,0,-1.2626258,36.8518288,Ebenezer Pharmacy,area
4502112946,Mathare,pharmacy,1,0,-1.2645195,36.8582296,Branmo Chemist,area
4502112947,Mathare,pharmacy,1,0,-1.2653308,36.8556758,Chaire Chemist,area
4502112949,Mathare,pharmacy,1,0,-1.2652895,36.8556582,Glory2 Chemist,area
4502203205,Mathare,pharmacy,1,0,-1.2632584,36.851674,Blessed Chemist Kosovo,area
4502203216,Mathare,pharmacy,1,0,-1.2628131,36.8536993,Marisa Chemist,area
4502203219,Mathare,pharmacy,1,0,-1.262834,36.8494759,St Clare Chemist and Lab Services,area
4503959148,Mathare,pharmacy,1,0,-1.2631868,36.85684,Pona 3 Dispensary,area
4503972768,Mathare,pharmacy,1,0,-1.261115,36.8631879,Baraka chemist,area
4503972775,Mathare,pharmacy,1,0,-1.260592,36.8639367,Vincent Chemist Mabatini,area
4504009845,Mathare,pharmacy,1,0,-1.2613539,36.8628258,Bethmed Chemist,area
7952200594,Mathare,pharmacy,1,0,-1.26476,36.8508817,Duka la Dawa,area
7952200600,Mathare,pharmacy,1,0,-1.2661817,36.8440467,,area
7952200611,Mathare,pharmacy,1,0,-1.2654933,36.8443067,Cosmetics Pharmacy,area
7952200619,Mathare,pharmacy,1,0,-1.2653967,36.8455767,The Great Pharmacy,area
8006201386,Mathare,pharmacy,1,0,-1.2629111,36.8604587,New Dan's Chemistry,area
8021829889,Mathare,pharmacy,1,0,-1.2633025,36.8612806,Venus chemist,area
8021829890,Mathare,pharmacy,1,0,-1.2624248,36.861416,Lynsha,area
8021852985,Mathare,pharmacy,1,0,-1.2618647,36.8618308,Gracious chemist,area
8021853085,Mathare,pharmacy,1,0,-1.2617076,36.8620183,Emmanuel chemist,area
8032765486,Mathare,pharmacy,1,0,-1.2595449,36.864615,Likened,area
8032765585,Mathare,pharmacy,1,0,-1.2595187,36.8645992,Valley,area
8047281285,Mathare,pharmacy,1,0,-1.2636079,36.8582592,Alphamed,area
8047415785,Mathare,pharmacy,1,0,-1.2645617,36.8506097,Prospect joslin,area
8062878685,Mathare,pharmacy,1,0,-1.2638257,36.8582424,Dispensing chemist,area
8100967917,Mathare,pharmacy,1,0,-1.266967,36.8437328,Trustmed,area
8100968018,Mathare,pharmacy,1,0,-1.2654356,36.8455658,Safeways pharmaceutical limited,area
8100968117,Mathare,pharmacy,1,0,-1.2654936,36.8455178,Great,area
8100968217,Mathare,pharmacy,1,0,-1.2647462,36.8453419,View point medical centre,area
8100968218,Mathare,pharmacy,1,0,-1.264111,36.8451917,Afyw Chemist,area
8100968317,Mathare,pharmacy,1,0,-1.2660262,36.8454139,Gifted,area
8100968417,Mathare,pharmacy,1,0,-1.2654664,36.8454995,The great,area
1112884998,Mathare,restaurant,1,0,-1.2628806,36.8631152,Thayu Hotel,area
1123193272,Mathare,restaurant,1,0,-1.2591815,36.8670231,Dallas Bar and Restaurant Musyi,area
1123193275,Mathare,restaurant,1,0,-1.2608817,36.8667027,Huruma Meat Point,area
1124602216,Mathare,restaurant,1,0,-1.2588761,36.8664307,J.K Mbuthia house,area
1124602258,Mathare,restaurant,1,0,-1.2586515,36.8659197,"Thiong,o bar and resturant",area
2279270353,Mathare,restaurant,1,0,-1.2657508,36.8580084,Balozi restaurant,area
5348852694,Mathare,restaurant,1,0,-1.2624061,36.8417724,Ikon Gardens,area
6247128041,Mathare,restaurant,1,0,-1.2611463,36.8427782,Cool Breeze Gardens,area
8128472357,Mathare,restaurant,1,0,-1.2642393,36.8529999,Peres,area
8128503437,Mathare,restaurant,1,0,-1.2644217,36.852855,Hotel,area
12886264371,Mathare,restaurant,1,0,-1.2626117,36.8520183,mathare Kwa Chief,area
1038193545,Mathare,supermarket,1,0,-1.2657625,36.8556579,Urban Supermarket,area
1103092329,Mathare,supermarket,1,0,-1.2591697,36.8643283,Sayun supermarket,area
1103092469,Mathare,supermarket,1,0,-1.2607612,36.8634432,Ngololo Supermarket,area
1110239847,Mathare,supermarket,1,0,-1.265657,36.8456404,Wa Caro,area
1111451075,Mathare,supermarket,1,0,-1.2565217,36.8737266,MultyShoppers Supermarket,area
1111451119,Mathare,supermarket,1,0,-1.2594364,36.8687929,Mini price supermarket,area
1111566404,Mathare,supermarket,1,0,-1.2563541,36.8730578,Ngei 1 Super market,area
1112884985,Mathare,supermarket,1,0,-1.2596162,36.862559,kiwanza store,area
1123193374,Mathare,supermarket,1,0,-1.260743,36.8669617,Sayuni Supermarket Equity Agent,area
1123193376,Mathare,supermarket,1,0,-1.2579113,36.8672641,Economy Supermarket,area
1123193415,Mathare,supermarket,1,0,-1.2589225,36.8669435,Osaka Supšermarket Store,area
1123201095,Mathare,supermarket,1,0,-1.2588628,36.8688171,Smart choice supermarket,area
1124602200,Mathare,supermarket,1,0,-1.2600652,36.865084,Gladys supermarket,area
1124602225,Mathare,supermarket,1,0,-1.2598626,36.8650075,Centaline Supermarket,area
1453526242,Nairobi West,clothes,1,0,-1.3160692,36.8346284,Baby Shop,bbox
1499916398,Nairobi West,clothes,1,0,-1.3087003,36.8357867,Biashara boutigue,bbox
2145330232,Nairobi West,clothes,1,0,-1.3164188,36.8347129,East West Fashions,bbox
2145333868,Nairobi West,clothes,1,0,-1.3163812,36.8344232,Topics Designer Limited,bbox
2145335889,Nairobi West,clothes,1,0,-1.316567,36.8346608,Euro Collections Ltd,bbox
2145339867,Nairobi West,clothes,1,0,-1.3161695,36.8349572,Crayon Fashions,bbox
4252150702,Nairobi West,clothes,1,0,-1.3064764,36.8418444,midco textiles,bbox
9193162417,Nairobi West,clothes,1,0,-1.2921293,36.8214991,Jade Collection Haile Sellasie Avenue,bbox
1577711342,Nairobi West,fast_food,2,0,-1.307559,36.819044,Kenchic Inn,bbox
1633811026,Nairobi West,fast_food,2,0,-1.3127253,36.8296356,Steers South C,bbox
2145339965,Nairobi West,fast_food,2,0,-1.315902,36.8348488,Galito's,bbox
5569591301,Nairobi West,fast_food,2,0,-1.2987138,36.8369178,Pizza Inn,bbox
5569591302,Nairobi West,fast_food,2,0,-1.2987915,36.8370371,Chicken Inn,bbox
5569591303,Nairobi West,fast_food,2,0,-1.2988434,36.8370734,Galito's,bbox
6830686430,Nairobi West,fast_food,2,0,-1.3109211,36.817687,KFC,bbox
7169214680,Nairobi West,fast_food,2,0,-1.3193651,36.8369199,Galito's,bbox
11078896505,Nairobi West,fast_food,2,0,-1.3238291,36.8430567,Kitchen Eighteen,bbox
12567701401,Nairobi West,fast_food,2,0,-1.3076829,36.8036377,Chicken Inn,bbox
1573489301,Nairobi West,greengrocer,2,0,-1.3204276,36.8277556,Mugoya Vegetable Shop,bbox
5383793280,Nairobi West,greengrocer,2,0,-1.2949962,36.805882,Nairobi Fruits & Flowers,bbox
1453526304,Nairobi West,hairdresser,1,0,-1.3166349,36.8347619,Revlon Coiffure,bbox
1580149584,Nairobi West,hairdresser,1,0,-1.3164845,36.8345685,Leo Hair & Beauty Saloon,bbox
1493484905,Nairobi West,hardware,1,0,-1.3107893,36.842961,,bbox
7553550836,Nairobi West,hardware,1,0,-1.2988875,36.8370929,MARUTI STEEL LTD,bbox
12886379619,Nairobi West,hardware,1,0,-1.3045475,36.8358239,Butere 35,bbox
12886379620,Nairobi West,hardware,1,0,-1.3045274,36.8353571,United Tools,bbox
12886379621,Nairobi West,hardware,1,0,-1.3040573,36.8339252,Nanak,bbox
612009127,Nairobi West,kiosk,2,0,-1.3152767,36.8034992,Alpha hotel,bbox
612009129,Nairobi West,kiosk,2,0,-1.3152301,36.8032094,benway shop,bbox
1499916406,Nairobi West,kiosk,2,0,-1.3068338,36.8360705,Red rose,bbox
1499916419,Nairobi West,kiosk,2,0,-1.3090161,36.8361568,fuata kiosk,bbox
12886281787,Nairobi West,kiosk,2,0,-1.3154631,36.8032014,Highrise,bbox
1453526377,Nairobi West,laundry,2,0,-1.3163854,36.8341854,White Rose Drycleaners,bbox
720900819,Nairobi West,pharmacy,1,0,-1.313144,36.8191241,Nairobi West Childrens Clinic,bbox
911044039,Nairobi West,pharmacy,1,0,-1.2944971,36.8068848,Upper Hill Medical Centre,bbox
1483304307,Nairobi West,pharmacy,1,0,-1.307134,36.8389445,chemist,bbox
1483304308,Nairobi West,pharmacy,1,0,-1.3073265,36.8390228,chemist,bbox
1499916442,Nairobi West,pharmacy,1,0,-1.3092694,36.8370698,,bbox
1500016752,Nairobi West,pharmacy,1,0,-1.3084388,36.8353341,,bbox
1500016771,Nairobi West,pharmacy,1,0,-1.3109108,36.8380938,Trust and Rejoice Medical Clinic,bbox
1500016798,Nairobi West,pharmacy,1,0,-1.3119287,36.8429585,Trust and Rejoice Medical Clinic,bbox
2145322136,Nairobi West,pharmacy,1,0,-1.3114875,36.8357858,The Guardian Pharmacy,bbox
2145336812,Nairobi West,pharmacy,1,0,-1.3168213,36.8350478,Inkamed Pharmeceuticals,bbox
3856033710,Nairobi West,pharmacy,1,0,-1.309261,36.837077,,bbox
3856040459,Nairobi West,pharmacy,1,0,-1.3092432,36.8398587,,bbox
3856041157,Nairobi West,pharmacy,1,0,-1.309616,36.8402544,clinic,bbox
3856041558,Nairobi West,pharmacy,1,0,-1.308052,36.8392398,omwabo phermacy,bbox
3856041758,Nairobi West,pharmacy,1,0,-1.3075964,36.8391947,,bbox
3856041857,Nairobi West,pharmacy,1,0,-1.3100216,36.840081,imara community clinic,bbox
3856041957,Nairobi West,pharmacy,1,0,-1.308178,36.8379076,jan medical clinic,bbox
3856068142,Nairobi West,pharmacy,1,0,-1.3092628,36.8399291,Imara 2 Clinic,bbox
3856068144,Nairobi West,pharmacy,1,0,-1.3095825,36.8405038,Kingori Chemist,bbox
3856068146,Nairobi West,pharmacy,1,0,-1.30953,36.8403464,Mwema Dispensary,bbox
3856130358,Nairobi West,pharmacy,1,0,-1.3068679,36.8411435,Afya Medical Clinic,bbox
3856130660,Nairobi West,pharmacy,1,0,-1.3088951,36.8392475,andrews chemist,bbox
3856130661,Nairobi West,pharmacy,1,0,-1.3094189,36.8396699,elgomed chemist,bbox
3856130857,Nairobi West,pharmacy,1,0,-1.3083613,36.8392816,baraka chemist,bbox
3856131157,Nairobi West,pharmacy,1,0,-1.3090872,36.839135,new line chemist,bbox
5378551736,Nairobi West,pharmacy,1,0,-1.2928967,36.8160717,Lords Healthcare Ltd,bbox
5383781991,Nairobi West,pharmacy,1,0,-1.2897838,36.8115114,Haltons Pharmacy,bbox
6007565090,Nairobi West,pharmacy,1,0,-1.2960739,36.8082268,5th Avenue Ngong Pharmacy,bbox
6830400012,Nairobi West,pharmacy,1,0,-1.3083793,36.8225048,Pharma Plus,bbox
30088423,Nairobi West,restaurant,1,0,-1.2923537,36.8062511,China Plate,bbox
30215042,Nairobi West,restaurant,1,0,-1.291931,36.8214426,The Apple Munch Restaurant,bbox
571733403,Nairobi West,restaurant,1,0,-1.2957893,36.8071943,Savannah Upper Hill,bbox
1002255495,Nairobi West,restaurant,1,0,-1.3005343,36.8162923,The Arabian Cuisine,bbox
1333619849,Nairobi West,restaurant,1,0,-1.2896044,36.8039737,Amaica Restaurant,bbox
1333644474,Nairobi West,restaurant,1,0,-1.290839,36.8049388,Slims Restaurant,bbox
1580142913,Nairobi West,restaurant,1,0,-1.315988,36.8348013,Urban Coffee Capital Centre,bbox
1580159211,Nairobi West,restaurant,1,0,-1.3187508,36.8410626,SanaSana,bbox
2145328098,Nairobi West,restaurant,1,0,-1.3163676,36.8349701,Haandi Restaurant,bbox
2641874863,Nairobi West,restaurant,1,0,-1.3195061,36.8368749,Chicken Inn,bbox
2651640502,Nairobi West,restaurant,1,0,-1.3049886,36.8114461,La Bonne Bouche,bbox
3103286156,Nairobi West,restaurant,1,0,-1.3224671,36.8091306,Java House Aero Club,bbox
3294737181,Nairobi West,restaurant,1,0,-1.2889455,36.8289498,,bbox
3294737182,Nairobi West,restaurant,1,0,-1.2890202,36.8289895,,bbox
3294739781,Nairobi West,restaurant,1,0,-1.2888881,36.82775,Bakers Inn,bbox
3912704558,Nairobi West,restaurant,1,0,-1.3038398,36.8104622,Capital Heights,bbox
4421842491,Nairobi West,restaurant,1,0,-1.3125786,36.8233367,Mangrove City Restaurant a,bbox
4516528589,Nairobi West,restaurant,1,0,-1.2889476,36.8040487,Nyama Choma Paradise,bbox
5372421019,Nairobi West,restaurant,1,0,-1.3163778,36.814243,Big Square - Wilson,bbox
5372421020,Nairobi West,restaurant,1,0,-1.3167746,36.8144873,Dambusters East Africa Limited,bbox
5372423722,Nairobi West,restaurant,1,0,-1.3191222,36.815708,Dormans Coffee Air Kenya,bbox
5372450523,Nairobi West,restaurant,1,0,-1.3167481,36.8148718,Airport Lounge,bbox
5372450528,Nairobi West,restaurant,1,0,-1.3156417,36.815529,Cornfields Bar & Grill,bbox
5372450533,Nairobi West,restaurant,1,0,-1.3123865,36.8170212,Pizza World Kenya,bbox
5372450534,Nairobi West,restaurant,1,0,-1.3133767,36.8169169,Marita's Bhajias,bbox
5372466188,Nairobi West,restaurant,1,0,-1.3054887,36.8222115,"Nixen Entertainment, Former Kengele's Bar and Restaurant",bbox
5378308532,Nairobi West,restaurant,1,0,-1.3080661,36.8186941,Thorntree Bar & Restaurant,bbox
5378308536,Nairobi West,restaurant,1,0,-1.3071929,36.8191091,Karamarg,bbox
5378414038,Nairobi West,restaurant,1,0,-1.3061756,36.8201653,Cafe Bistro,bbox
5378414040,Nairobi West,restaurant,1,0,-1.3004941,36.8236532,Vuvuzela Restaurant,bbox
5378414047,Nairobi West,restaurant,1,0,-1.299856,36.8220998,Ssence By Paramount,bbox
5378414073,Nairobi West,restaurant,1,0,-1.3036588,36.8210348,Salongo Restaurant,bbox
5378425125,Nairobi West,restaurant,1,0,-1.3046841,36.812558,Belmont Bar And Restaurant,bbox
5378425128,Nairobi West,restaurant,1,0,-1.3056014,36.8128759,Olive Resort,bbox
5378425138,Nairobi West,restaurant,1,0,-1.3014804,36.8112316,Bonds Garden Restaurant,bbox
5378425145,Nairobi West,restaurant,1,0,-1.3013269,36.813924,BBQ Central Pub & Grill,bbox
5378545307,Nairobi West,restaurant,1,0,-1.2962663,36.8111871,Meladen Bar and Restaurant,bbox
5380534545,Nairobi West,restaurant,1,0,-1.2992635,36.811724,Upperhill Springs Restaurant,bbox
5383781979,Nairobi West,restaurant,1,0,-1.2954103,36.8160245,BHB,bbox
5383781993,Nairobi West,restaurant,1,0,-1.2891622,36.8141608,Jumuia Coffee House,bbox
5383793222,Nairobi West,restaurant,1,0,-1.2900093,36.811585,La Contessa Restaurant,bbox
5383793281,Nairobi West,restaurant,1,0,-1.2953166,36.8060699,Harbin Restaurant,bbox
5383793282,Nairobi West,restaurant,1,0,-1.2953043,36.806264,Tupelo Restaurant- African & Continental Dishes,bbox
5555704627,Nairobi West,restaurant,1,0,-1.2968723,36.8236346,Le-Vans Restaurant,bbox
5580372105,Nairobi West,restaurant,1,0,-1.300962,36.8256669,Cosmos Coffee House and Restaurant,bbox
5969605186,Nairobi West,restaurant,1,0,-1.2907063,36.8053387,Osteria Milano,bbox
5969632785,Nairobi West,restaurant,1,0,-1.290931,36.8050659,Osteria Milano,bbox
6172792024,Nairobi West,restaurant,1,0,-1.3038176,36.8129321,Royal Breeze Sheesha Lounge,bbox
6172793694,Nairobi West,restaurant,1,0,-1.3001312,36.8133003,"K’Osewe Ranalo Foods, Upper Hill",bbox
6207463153,Nairobi West,restaurant,1,0,-1.3092385,36.8288873,The Office Bar and Lounge,bbox
6207463154,Nairobi West,restaurant,1,0,-1.3090743,36.8308764,Opal Bristo,bbox
6207463158,Nairobi West,restaurant,1,0,-1.3161451,36.8347801,Mister Wok - Capital Centre,bbox
6207463159,Nairobi West,restaurant,1,0,-1.3159063,36.8347694,Pizza Inn Capital Centre,bbox
6207546786,Nairobi West,restaurant,1,0,-1.319353,36.8370065,Pizza Inn-Bellevue,bbox
6207546788,Nairobi West,restaurant,1,0,-1.3192485,36.8363453,Turkish Doner Big Knife,bbox
6207546819,Nairobi West,restaurant,1,0,-1.3209495,36.8414508,Big Square Msa Rd,bbox
6207546820,Nairobi West,restaurant,1,0,-1.3212376,36.841814,Pizza Mojo,bbox
6207546826,Nairobi West,restaurant,1,0,-1.3238796,36.8429869,Peppercorn,bbox
6258303608,Nairobi West,restaurant,1,0,-1.3011013,36.8251553,"Food Court, Highway Mall",bbox
6285776987,Nairobi West,restaurant,1,0,-1.3140575,36.8281456,Sukhadia Indian Restaurant,bbox
6819685078,Nairobi West,restaurant,1,0,-1.3088266,36.8307606,Bee Pee,bbox
6830400013,Nairobi West,restaurant,1,0,-1.3081916,36.8221293,Cadillac Pub,bbox
6830400016,Nairobi West,restaurant,1,0,-1.3057775,36.8249222,Green rose,bbox
7291845167,Nairobi West,restaurant,1,0,-1.3243179,36.8032179,Hot Spot Coffee,bbox
8862539504,Nairobi West,restaurant,1,0,-1.2905558,36.8129869,PHQ Canteen,bbox
8916714750,Nairobi West,restaurant,1,0,-1.3140081,36.8182386,Caribbean Gold,bbox
9516289042,Nairobi West,restaurant,1,0,-1.3136478,36.8172738,The Shack - Nairobi West,bbox
12568200102,Nairobi West,restaurant,1,0,-1.3076447,36.8036073,Pizza Inn,bbox
30695833,Nairobi West,supermarket,1,0,-1.3164518,36.8348783,Naivas Supermarket,bbox
1578600648,Nairobi West,supermarket,1,0,-1.311796,36.8372359,Homecare Enterprises,bbox
1762068586,Nairobi West,supermarket,1,0,-1.3083468,36.8227864,Naivas supermarket,bbox
1960065181,Nairobi West,supermarket,1,0,-1.3109198,36.8355545,Midas Supermarket,bbox
2179954251,Nairobi West,supermarket,1,0,-1.310942,36.8362456,HomeDirect Supermarket,bbox
4421833595,Nairobi West,supermarket,1,0,-1.3219424,36.8271459,Naivas South C,bbox
6126721035,Nairobi West,supermarket,1,0,-1.2926791,36.8218813,Tuskys Supermarket,bbox
6207546828,Nairobi West,supermarket,1,0,-1.3237125,36.8430676,Souk Bazaar,bbox
7679232307,Nairobi West,supermarket,1,0,-1.2957736,36.828251,,bbox
8916714747,Nairobi West,supermarket,1,0,-1.3021368,36.8256227,Carrefour,bbox
8916714749,Nairobi West,supermarket,1,0,-1.3122508,36.8169343,QuickMart,bbox
13392069959,Nairobi West,supermarket,1,0,-1.2950403,36.809599,Carrefour,bbox
11960010229,Njiru,clothes,1,0,-1.2795888,36.9582066,Think Twice (T2) Secondhand Clothes,area
12886664088,Njiru,clothes,1,0,-1.2472846,36.9021341,Black Triek,area
13417925494,Njiru,fast_food,2,0,-1.2751972,36.8895911,KFC,area
11005630305,Njiru,hairdresser,1,0,-1.2863443,36.9825536,Leon Executive Barbers,area
11960010230,Njiru,hairdresser,1,0,-1.2797779,36.958264,"Binzari Salon, Barber, Day Spa",area
5038978294,Njiru,hardware,1,0,-1.2526639,36.9488082,Hekima Hardware,area
9144657289,Njiru,hardware,1,0,-1.2537426,36.9421116,Tayari hardware Store,area
10742573447,Njiru,hardware,1,0,-1.2759172,36.9584968,Kwami Hardware,area
6081785209,Njiru,pharmacy,1,0,-1.2522784,36.9496534,Benchmark Pharmacy,area
8963037627,Njiru,pharmacy,1,0,-1.2598489,36.890421,Jerusalem in Dandora,area
11960010236,Njiru,pharmacy,1,0,-1.2815901,36.9591878,Cantons Chemist,area
3193298120,Njiru,restaurant,1,0,-1.2633799,36.9789524,Mawe Mbili,area
5038990108,Njiru,restaurant,1,0,-1.2517331,36.9481984,Savannah VIlla & Restaurant,area
6171209890,Njiru,restaurant,1,0,-1.2792548,36.9653754,Banta Villa Restaurant,area
6274284762,Njiru,restaurant,1,0,-1.2776767,37.0319658,Free Town Recreation Center,area
6819930266,Njiru,restaurant,1,0,-1.2566623,36.9243411,Junction Villa,area
6819983089,Njiru,restaurant,1,0,-1.2643302,36.9818922,Ruai Gardens Inn,area
6905974206,Njiru,restaurant,1,0,-1.2494411,36.9498338,Astrid Villas,area
8293614663,Njiru,restaurant,1,0,-1.2520998,36.9877132,Thorntree Gardens,area
8293614667,Njiru,restaurant,1,0,-1.2674697,36.9796526,Pork Manenos,area
8293614671,Njiru,restaurant,1,0,-1.2739633,36.9707041,Fun City,area
8293614675,Njiru,restaurant,1,0,-1.2799757,36.9586798,Airborne,area
8296786364,Njiru,restaurant,1,0,-1.2912974,36.9456768,Sweet and Sassy Family Park,area
8338714147,Njiru,restaurant,1,0,-1.2492022,36.9855272,Veeken Limited,area
8338714163,Njiru,restaurant,1,0,-1.276313,36.8833055,The Other Place,area
8371978934,Njiru,restaurant,1,0,-1.2751725,37.0005548,Scorpios Den,area
9597299202,Njiru,restaurant,1,0,-1.2751694,36.8894688,Pizza Inn,area
9732397029,Njiru,restaurant,1,0,-1.2875424,36.9519736,Shooters Inn,area
5267678323,Njiru,salon,2,0,-1.2531455,36.9501369,Sylvia Salon,area
5221207082,Njiru,supermarket,1,0,-1.28279,36.9596243,Quickmart Utawala,area
5886553697,Njiru,supermarket,1,0,-1.2708939,36.9968775,Quickmart,area
6173489654,Njiru,supermarket,1,0,-1.2570221,36.9226773,Neema Supermarket,area
6173489655,Njiru,supermarket,1,0,-1.2569895,36.9225076,Hill Mart Supermarket,area
6819930274,Njiru,supermarket,1,0,-1.250212,36.9529649,Chokmatt,area
8202067663,Njiru,supermarket,1,0,-1.2786595,37.0304824,Otomatt Supermarket Ruai,area
8202067665,Njiru,supermarket,1,0,-1.2815842,37.0795725,Waecon,area
8231195976,Njiru,supermarket,1,0,-1.279245,36.965925,Magunas Utawala,area
8371978933,Njiru,supermarket,1,0,-1.2664166,36.9902348,sweetworld,area
9732344063,Njiru,supermarket,1,0,-1.2788627,36.9669491,Quickmart Utawala Express,area
12099665959,Njiru,supermarket,1,0,-1.2569718,36.9231054,Muhindi Mweusi Supermarket,area
1537488379,Pumwani,fast_food,2,0,-1.2839192,36.8271627,Malindi Dishes,bbox
5001805024,Pumwani,fast_food,2,0,-1.2857532,36.8261385,Nevada Fish & Chips,bbox
5001805026,Pumwani,fast_food,2,0,-1.2852994,36.826642,Altona Fish & Chips,bbox
5552467809,Pumwani,fast_food,2,0,-1.2861322,36.8266055,Red Robin,bbox
5569591301,Pumwani,fast_food,2,0,-1.2987138,36.8369178,Pizza Inn,bbox
5569591302,Pumwani,fast_food,2,0,-1.2987915,36.8370371,Chicken Inn,bbox
5569591303,Pumwani,fast_food,2,0,-1.2988434,36.8370734,Galito's,bbox
8245612674,Pumwani,fast_food,2,0,-1.2794301,36.8497685,KFC,bbox
8064761269,Pumwani,greengrocer,2,0,-1.2643187,36.8543504,Mama mboga,bbox
1038193571,Pumwani,hairdresser,1,0,-1.2657644,36.8556337,Salon,bbox
1112902269,Pumwani,hairdresser,1,0,-1.2619337,36.8613177,,bbox
8128529182,Pumwani,hairdresser,1,0,-1.2642233,36.853595,Kinyozi,bbox
8128567547,Pumwani,hairdresser,1,0,-1.2652733,36.85514,Kinyozi,bbox
10617794473,Pumwani,hairdresser,1,0,-1.2774623,36.8276897,,bbox
1110245200,Pumwani,hardware,1,0,-1.263579,36.8492543,Murata Hardware,bbox
4782862222,Pumwani,hardware,1,0,-1.2680951,36.829126,Basco paints showroom,bbox
7553550836,Pumwani,hardware,1,0,-1.2988875,36.8370929,MARUTI STEEL LTD,bbox
1038189719,Pumwani,kiosk,2,0,-1.2629251,36.850796,Wamogori Shop,bbox
1038193528,Pumwani,kiosk,2,0,-1.2657832,36.8550079,General Shop,bbox
1038193557,Pumwani,kiosk,2,0,-1.2657706,36.855658,Grocery,bbox
1038193576,Pumwani,kiosk,2,0,-1.2652401,36.8552947,Big Deal General Store,bbox
1102975988,Pumwani,kiosk,2,0,-1.2630545,36.857246,Poshomil to be changedl,bbox
1110245194,Pumwani,kiosk,2,0,-1.2634596,36.8493095,M Pesa,bbox
1110245201,Pumwani,kiosk,2,0,-1.2636633,36.8492303,Wambos hotel,bbox
1110245204,Pumwani,kiosk,2,0,-1.2626155,36.8494498,kerosene pump,bbox
1110245205,Pumwani,kiosk,2,0,-1.2628394,36.8494774,,bbox
1112902244,Pumwani,kiosk,2,0,-1.2621503,36.8608527,,bbox
1112905657,Pumwani,kiosk,2,0,-1.2651347,36.8565759,Ultimate kiosk,bbox
1112905658,Pumwani,kiosk,2,0,-1.2657644,36.8577978,Joyland store,bbox
1112905666,Pumwani,kiosk,2,0,-1.2653828,36.8562192,Uncle Ben Shop,bbox
1038103795,Pumwani,pharmacy,1,0,-1.2633972,36.8599901,Uzima clinic,bbox
1038103805,Pumwani,pharmacy,1,0,-1.2627701,36.8601884,Maisha clinic,bbox
1038202656,Pumwani,pharmacy,1,0,-1.2618123,36.8601064,,bbox
1103092401,Pumwani,pharmacy,1,0,-1.263136,36.8615677,Boodad Communicatiion Lifeguard Chemist,bbox
1103092408,Pumwani,pharmacy,1,0,-1.2624673,36.8631166,,bbox
1103092490,Pumwani,pharmacy,1,0,-1.2621648,36.8629112,,bbox
1110227333,Pumwani,pharmacy,1,0,-1.263407,36.8568156,4B Dispensing,bbox
1110239842,Pumwani,pharmacy,1,0,-1.2658072,36.8456235,Mlango kubwa health care centre,bbox
1110239846,Pumwani,pharmacy,1,0,-1.2652685,36.8453052,East chem medical,bbox
1110239850,Pumwani,pharmacy,1,0,-1.2649739,36.844991,Blessed Medical Clinic,bbox
1110239855,Pumwani,pharmacy,1,0,-1.2661003,36.845148,LIZ Rich medical,bbox
1110239857,Pumwani,pharmacy,1,0,-1.2651518,36.8440642,Be well chemists,bbox
1110239864,Pumwani,pharmacy,1,0,-1.2659536,36.8456541,Beden,bbox
2379875645,Pumwani,pharmacy,1,0,-1.2620373,36.8552985,Baraka chemist,bbox
2379875699,Pumwani,pharmacy,1,0,-1.2620786,36.855293,Mathare4Achemist,bbox
2392593371,Pumwani,pharmacy,1,0,-1.2656576,36.8545433,Mama africa clinic,bbox
4502070185,Pumwani,pharmacy,1,0,-1.2625383,36.8502627,Cess Pharmacy,bbox
4502070186,Pumwani,pharmacy,1,0,-1.2626258,36.8518288,Ebenezer Pharmacy,bbox
4502112946,Pumwani,pharmacy,1,0,-1.2645195,36.8582296,Branmo Chemist,bbox
4502112947,Pumwani,pharmacy,1,0,-1.2653308,36.8556758,Chaire Chemist,bbox
4502112949,Pumwani,pharmacy,1,0,-1.2652895,36.8556582,Glory2 Chemist,bbox
4502203205,Pumwani,pharmacy,1,0,-1.2632584,36.851674,Blessed Chemist Kosovo,bbox
4502203216,Pumwani,pharmacy,1,0,-1.2628131,36.8536993,Marisa Chemist,bbox
4502203219,Pumwani,pharmacy,1,0,-1.262834,36.8494759,St Clare Chemist and Lab Services,bbox
4503959148,Pumwani,pharmacy,1,0,-1.2631868,36.85684,Pona 3 Dispensary,bbox
6110577686,Pumwani,pharmacy,1,0,-1.2879752,36.8265424,Malibu,bbox
7952200592,Pumwani,pharmacy,1,0,-1.26611,36.85205,Cosmetics Pharmacy,bbox
7952200594,Pumwani,pharmacy,1,0,-1.26476,36.8508817,Duka la Dawa,bbox
7952200600,Pumwani,pharmacy,1,0,-1.2661817,36.8440467,,bbox
7952200611,Pumwani,pharmacy,1,0,-1.2654933,36.8443067,Cosmetics Pharmacy,bbox
7952200619,Pumwani,pharmacy,1,0,-1.2653967,36.8455767,The Great Pharmacy,bbox
8006201386,Pumwani,pharmacy,1,0,-1.2629111,36.8604587,New Dan's Chemistry,bbox
8006210385,Pumwani,pharmacy,1,0,-1.2619488,36.8564683,By Grace Chemist,bbox
8006263285,Pumwani,pharmacy,1,0,-1.2619708,36.8585987,The two sisters chemist,bbox
8021720088,Pumwani,pharmacy,1,0,-1.2618211,36.8578085,Migingo chemist,bbox
8021829889,Pumwani,pharmacy,1,0,-1.2633025,36.8612806,Venus chemist,bbox
8021829890,Pumwani,pharmacy,1,0,-1.2624248,36.861416,Lynsha,bbox
8021852985,Pumwani,pharmacy,1,0,-1.2618647,36.8618308,Gracious chemist,bbox
8047281285,Pumwani,pharmacy,1,0,-1.2636079,36.8582592,Alphamed,bbox
8047415785,Pumwani,pharmacy,1,0,-1.2645617,36.8506097,Prospect joslin,bbox
8062878685,Pumwani,pharmacy,1,0,-1.2638257,36.8582424,Dispensing chemist,bbox
8100967917,Pumwani,pharmacy,1,0,-1.266967,36.8437328,Trustmed,bbox
8100968018,Pumwani,pharmacy,1,0,-1.2654356,36.8455658,Safeways pharmaceutical limited,bbox
8100968117,Pumwani,pharmacy,1,0,-1.2654936,36.8455178,Great,bbox
8100968217,Pumwani,pharmacy,1,0,-1.2647462,36.8453419,View point medical centre,bbox
8100968218,Pumwani,pharmacy,1,0,-1.264111,36.8451917,Afyw Chemist,bbox
8100968317,Pumwani,pharmacy,1,0,-1.2660262,36.8454139,Gifted,bbox
8100968417,Pumwani,pharmacy,1,0,-1.2654664,36.8454995,The great,bbox
12162382404,Pumwani,pharmacy,1,0,-1.2860563,36.8266643,Kimton pharmacy Ltd,bbox
637003378,Pumwani,restaurant,1,0,-1.277735,36.8345715,,bbox
1112884998,Pumwani,restaurant,1,0,-1.263134,36.8630575,Thayu Hotel,bbox
2279270353,Pumwani,restaurant,1,0,-1.2658145,36.8581039,Balozi restaurant,bbox
3294737181,Pumwani,restaurant,1,0,-1.2889455,36.8289498,,bbox
3294737182,Pumwani,restaurant,1,0,-1.2890202,36.8289895,,bbox
3294739781,Pumwani,restaurant,1,0,-1.2888881,36.82775,Bakers Inn,bbox
5348852694,Pumwani,restaurant,1,0,-1.2624061,36.8417724,Ikon Gardens,bbox
5528393221,Pumwani,restaurant,1,0,-1.2806277,36.8261615,Sun Sweet Restuarant,bbox
5552396300,Pumwani,restaurant,1,0,-1.2837278,36.8255343,Cafe Sun Burner,bbox
5552396302,Pumwani,restaurant,1,0,-1.2881929,36.8275451,Polo Restaurant,bbox
5552467808,Pumwani,restaurant,1,0,-1.284238,36.8279959,AdenBay Lounge,bbox
5555074048,Pumwani,restaurant,1,0,-1.2865373,36.8255259,Cafe Deli & Delicatessen 2.0,bbox
5555074052,Pumwani,restaurant,1,0,-1.2867531,36.82592,Highlands Platinum,bbox
5580372105,Pumwani,restaurant,1,0,-1.300962,36.8256669,Cosmos Coffee House and Restaurant,bbox
8128472357,Pumwani,restaurant,1,0,-1.2642983,36.85302,Peres,bbox
8128503437,Pumwani,restaurant,1,0,-1.2644217,36.852855,Hotel,bbox
9047034258,Pumwani,restaurant,1,0,-1.2780844,36.8298371,JJ hotel,bbox
9101385798,Pumwani,restaurant,1,0,-1.2828974,36.8272847,Hot Dishes,bbox
9101385799,Pumwani,restaurant,1,0,-1.2824712,36.8261647,Kristina,bbox
11492229872,Pumwani,restaurant,1,0,-1.2798189,36.8505656,Cosmic Doner,bbox
12589906650,Pumwani,restaurant,1,0,-1.2797807,36.8465558,AKs Restaurant,bbox
12886264371,Pumwani,restaurant,1,0,-1.2626117,36.8520183,mathare Kwa Chief,bbox
12886664049,Pumwani,restaurant,1,0,-1.2915185,36.8450636,Bama Shaurimoyo,bbox
7677255881,Pumwani,salon,2,0,-1.2827015,36.8273871,Face and Figure Beauty Solutions,bbox
1038193545,Pumwani,supermarket,1,0,-1.2657625,36.8556579,Urban Supermarket,bbox
1110239847,Pumwani,supermarket,1,0,-1.265657,36.8456404,Wa Caro,bbox
1720982958,Pumwani,supermarket,1,0,-1.2833536,36.8283646,Tuskys,bbox
5496066044,Pumwani,supermarket,1,0,-1.2870384,36.8523838,Sacha Supermarket,bbox
5555074071,Pumwani,supermarket,1,0,-1.2872919,36.8269277,Karrymart Downtown Supermarket,bbox
5555074075,Pumwani,supermarket,1,0,-1.2882631,36.8273494,Naivas Development House Moi Avenue,bbox
5871155377,Pumwani,supermarket,1,0,-1.2847155,36.8303338,vspace.ke,bbox
7679232307,Pumwani,supermarket,1,0,-1.2957736,36.828251,,bbox
8213846285,Pumwani,supermarket,1,0,-1.2849108,36.8313768,QuickMart,bbox
8883032996,Pumwani,supermarket,1,0,-1.2855691,36.8278976,Naivas Ronald Ngala,bbox
8883032997,Pumwani,supermarket,1,0,-1.2855912,36.82772,Tusky'S Magic Express,bbox
10637141721,Pumwani,supermarket,1,0,-1.288442,36.8267881,QuickMart Pioneer,bbox
10648806292,Pumwani,supermarket,1,0,-1.2764323,36.8293997,Western supermarket,bbox
6224915424,Roysambu,fast_food,2,0,-1.2198986,36.8891675,Galito's,bbox
6224915434,Roysambu,fast_food,2,0,-1.2194202,36.8880063,Subway,bbox
6224915435,Roysambu,fast_food,2,0,-1.2195794,36.8879118,Pizza Planet,bbox
6224915445,Roysambu,fast_food,2,0,-1.2193377,36.8882356,Burger King,bbox
6233570067,Roysambu,fast_food,2,0,-1.2324384,36.8782206,KFC,bbox
6249063497,Roysambu,fast_food,2,0,-1.2191493,36.8954454,Kenchic Inn Kasarani Foods Ltd,bbox
13165020342,Roysambu,fast_food,2,0,-1.2134569,36.8924012,,bbox
11500386281,Roysambu,hairdresser,1,0,-1.2173844,36.9025617,,bbox
2344361847,Roysambu,hardware,1,0,-1.233291,36.8729532,Marvel Hardware,bbox
2405836270,Roysambu,kiosk,2,0,-1.2381801,36.8969935,Mama dan's kiosk,bbox
2344361838,Roysambu,pharmacy,1,0,-1.2341564,36.8722616,Hychem Chemist,bbox
6224915306,Roysambu,pharmacy,1,0,-1.2324618,36.8752431,Goodlife Pharmacy Shell Thome,bbox
8210508750,Roysambu,pharmacy,1,0,-1.2105604,36.886051,Livewell Pharmacy & Cosmetics,bbox
9418619696,Roysambu,pharmacy,1,0,-1.2335869,36.8845179,Haltons Pharmacy Ngumba Estate,bbox
2344361832,Roysambu,restaurant,1,0,-1.2329885,36.8731383,Teriyaki Japan Drive Through,bbox
3283344676,Roysambu,restaurant,1,0,-1.2343614,36.8716551,Roasters Inn,bbox
5343360588,Roysambu,restaurant,1,0,-1.2129813,36.8723802,JACOBS ALCOHOL FREE ZONE,bbox
5343388325,Roysambu,restaurant,1,0,-1.2242538,36.8708918,Pegasus Lounge,bbox
5472978519,Roysambu,restaurant,1,0,-1.2323486,36.8779701,"Teriyaki, Garden City Mall",bbox
5472978520,Roysambu,restaurant,1,0,-1.2327683,36.8782914,Zaater Restaurant,bbox
5472978924,Roysambu,restaurant,1,0,-1.2326932,36.8789652,Korean Chicken,bbox
5472978925,Roysambu,restaurant,1,0,-1.2325403,36.8783717,Moca Loca Coffee & Lounge - Garden City Mall,bbox
5472978926,Roysambu,restaurant,1,0,-1.2320662,36.8780867,Big Square -Garden City Mall,bbox
5472978928,Roysambu,restaurant,1,0,-1.232074,36.8787449,Chicken Inn Garden City,bbox
5472978929,Roysambu,restaurant,1,0,-1.2329316,36.8788693,Artcaffe Garden City,bbox
5472978933,Roysambu,restaurant,1,0,-1.233258,36.8791517,The Graceful,bbox
6224915224,Roysambu,restaurant,1,0,-1.2338478,36.8692604,Tip Canoe Cafe,bbox
6224915232,Roysambu,restaurant,1,0,-1.2342764,36.8679593,Milele Lounge,bbox
6224915294,Roysambu,restaurant,1,0,-1.2327709,36.8731678,Mama Nia Pizza,bbox
6224915304,Roysambu,restaurant,1,0,-1.2328395,36.8747074,Bull Point Bar & Restaurant,bbox
6224915320,Roysambu,restaurant,1,0,-1.2314659,36.876205,Jambo Grill,bbox
6224915321,Roysambu,restaurant,1,0,-1.2311946,36.8763759,Marhaba Lounge,bbox
6224915322,Roysambu,restaurant,1,0,-1.2315018,36.8759354,Mascateers Bar &grill,bbox
6224915324,Roysambu,restaurant,1,0,-1.2306117,36.8775481,Homeland Inn,bbox
6224915334,Roysambu,restaurant,1,0,-1.2294146,36.8790993,Mseto Klub Bar & Restaurant,bbox
6224915366,Roysambu,restaurant,1,0,-1.2257749,36.8835153,Winners Pavillion at Safari Park,bbox
6224915392,Roysambu,restaurant,1,0,-1.2202425,36.8800138,Blantyre Cuisine,bbox
6224915393,Roysambu,restaurant,1,0,-1.2204138,36.8802745,"Memphis Bar And Restaurant, Safari Park Arcade",bbox
6224915394,Roysambu,restaurant,1,0,-1.2203178,36.8802447,Rocaffé Restaurant,bbox
6224915423,Roysambu,restaurant,1,0,-1.2199659,36.8891952,Creamy Inn-TRM,bbox
6224915425,Roysambu,restaurant,1,0,-1.2197741,36.8892671,Chicken Inn TRM,bbox
6224915428,Roysambu,restaurant,1,0,-1.2198593,36.8888423,Urban Gourmet Burgers TRM,bbox
6224915436,Roysambu,restaurant,1,0,-1.2195434,36.8881274,Beirut Lebanese Cuisine,bbox
6224915444,Roysambu,restaurant,1,0,-1.2191757,36.8878037,Persia Lounge,bbox
6247215841,Roysambu,restaurant,1,0,-1.2359685,36.872959,Restaurant La-Capanna,bbox
6249063027,Roysambu,restaurant,1,0,-1.2194774,36.8932534,Kasarani Police Canteen,bbox
6249063028,Roysambu,restaurant,1,0,-1.2206653,36.8948923,Robbiz Bar & Grill,bbox
6249063039,Roysambu,restaurant,1,0,-1.2224674,36.8967135,Icipe's Restaurant,bbox
6249063066,Roysambu,restaurant,1,0,-1.2231902,36.8997114,Kasarani Sports View Gate,bbox
6249063486,Roysambu,restaurant,1,0,-1.2180811,36.8990838,Red Office Lounge & Grill,bbox
6249063487,Roysambu,restaurant,1,0,-1.2182717,36.8990475,The Monaco Restaurant and Club,bbox
6249063495,Roysambu,restaurant,1,0,-1.2181145,36.8958128,Pewi Foods Kasarani,bbox
6249063509,Roysambu,restaurant,1,0,-1.2175085,36.8986736,The Wind Pub & Restaurant,bbox
6249063512,Roysambu,restaurant,1,0,-1.2179067,36.9003363,Anchor Hotel,bbox
6249063529,Roysambu,restaurant,1,0,-1.218242,36.9032887,Seasons Fast Food,bbox
6249063826,Roysambu,restaurant,1,0,-1.2177044,36.905441,Grape Yard,bbox
6249531827,Roysambu,restaurant,1,0,-1.212697,36.9009402,Fish Safi Restaurant,bbox
6826671309,Roysambu,restaurant,1,0,-1.2182551,36.8987901,Wakalucy Fish Palace,bbox
6826671311,Roysambu,restaurant,1,0,-1.2177846,36.8974519,Bull and Bush,bbox
6827309058,Roysambu,restaurant,1,0,-1.2171935,36.8856947,Addis Alem Ethiopian,bbox
6827309068,Roysambu,restaurant,1,0,-1.2107017,36.8867367,Aqua Garden,bbox
6827309069,Roysambu,restaurant,1,0,-1.2111419,36.886161,Anjola Nigerian Kitchen,bbox
6827320490,Roysambu,restaurant,1,0,-1.213132,36.8926287,Mirema Gardens Amusement,bbox
6827320491,Roysambu,restaurant,1,0,-1.2126187,36.8926334,Mirema Fig Tree Bar,bbox
6827320499,Roysambu,restaurant,1,0,-1.2185463,36.8861524,Red Plate Food and Liquor,bbox
7861912358,Roysambu,restaurant,1,0,-1.2001906,36.8997289,Dragon Bar & Grill,bbox
7861912359,Roysambu,restaurant,1,0,-1.2006125,36.8998514,Small Villa,bbox
7861912360,Roysambu,restaurant,1,0,-1.2081824,36.8939186,Phoenix,bbox
8212384616,Roysambu,restaurant,1,0,-1.2075487,36.8866838,Rudolf's Place,bbox
8375353771,Roysambu,restaurant,1,0,-1.2327113,36.8718306,The Big Fish,bbox
9777741276,Roysambu,restaurant,1,0,-1.2322043,36.873223,Awesome Cross Butchery,bbox
10068421223,Roysambu,restaurant,1,0,-1.2182335,36.9028936,Seasons Lounge and Grill Kasarani,bbox
2344361865,Roysambu,supermarket,1,0,-1.2326846,36.8734785,Naivas Supermarket,bbox
4823712522,Roysambu,supermarket,1,0,-1.2320445,36.8782614,Game,bbox
5470451922,Roysambu,supermarket,1,0,-1.2322899,36.8784643,Game,bbox
5743459430,Roysambu,supermarket,1,0,-1.2063204,36.8942985,Powerstar Express Supermarket,bbox
5743474194,Roysambu,supermarket,1,0,-1.2093562,36.8941279,Powerstar supermarket,bbox
6218081303,Roysambu,supermarket,1,0,-1.2175238,36.8968326,Powerstar Supermarket Kasarani,bbox
6224915281,Roysambu,supermarket,1,0,-1.2341466,36.8706834,Mulika Mini Market,bbox
6224915422,Roysambu,supermarket,1,0,-1.2200834,36.8890738,Carrefour,bbox
6249063079,Roysambu,supermarket,1,0,-1.2187615,36.8992809,Dorte Everfresh Grocery & Cereals,bbox
6249063080,Roysambu,supermarket,1,0,-1.2181843,36.8994027,Kassmatt Supermarket,bbox
6249063499,Roysambu,supermarket,1,0,-1.2194778,36.8950718,Wabuti Supermarket,bbox
6249063511,Roysambu,supermarket,1,0,-1.2171221,36.9002679,Famcon Supermarket,bbox
6249063519,Roysambu,supermarket,1,0,-1.2185624,36.9025645,Jikuze Supermarket,bbox
6249063520,Roysambu,supermarket,1,0,-1.2185431,36.90277,"LeasherMatt Supermarket,Kasarani",bbox
6249063530,Roysambu,supermarket,1,0,-1.2170266,36.9032137,Kasamat Supermarket,bbox
6249063535,Roysambu,supermarket,1,0,-1.2145401,36.9042012,Slymac Mini Mart,bbox
6249531815,Roysambu,supermarket,1,0,-1.2154377,36.8954672,Gesta Supermarket,bbox
6397800321,Roysambu,supermarket,1,0,-1.2331317,36.8787963,ShopRite,bbox
6827309041,Roysambu,supermarket,1,0,-1.2154465,36.8886373,Admart,bbox
6827309042,Roysambu,supermarket,1,0,-1.215875,36.8880723,Roymatt Supermarket,bbox
6827320495,Roysambu,supermarket,1,0,-1.2132465,36.8945034,Budget,bbox
9014259340,Roysambu,supermarket,1,0,-1.2004343,36.900054,Leestar Supermarket Githurai,bbox
9418619697,Roysambu,supermarket,1,0,-1.2336717,36.8849565,Kabsmatt Supermarket,bbox
11005630305,Ruai,hairdresser,1,0,-1.2863443,36.9825536,Leon Executive Barbers,bbox
3193298120,Ruai,restaurant,1,0,-1.2633799,36.9789524,Mawe Mbili,bbox
6819983089,Ruai,restaurant,1,0,-1.2643302,36.9818922,Ruai Gardens Inn,bbox
8293614663,Ruai,restaurant,1,0,-1.2520998,36.9877132,Thorntree Gardens,bbox
8293614667,Ruai,restaurant,1,0,-1.2674697,36.9796526,Pork Manenos,bbox
8338714147,Ruai,restaurant,1,0,-1.2492022,36.9855272,Veeken Limited,bbox
8371880150,Ruai,restaurant,1,0,-1.2829283,36.9923549,Mosmas Bar,bbox
8371978934,Ruai,restaurant,1,0,-1.2751725,37.0005548,Scorpios Den,bbox
5886553697,Ruai,supermarket,1,0,-1.2708939,36.9968775,Quickmart,bbox
8371978933,Ruai,supermarket,1,0,-1.2664166,36.9902348,sweetworld,bbox
9800973665,Ruai,supermarket,1,0,-1.2882851,36.9721582,RSL,bbox
11005640706,Ruai,supermarket,1,0,-1.2886603,36.9719611,Dana's Supermarket,bbox
1453526242,South B,clothes,1,0,-1.3160692,36.8346284,Baby Shop,bbox
1456685436,South B,clothes,1,0,-1.3139744,36.8470893,dowtite boutique,bbox
1499916398,South B,clothes,1,0,-1.3087003,36.8357867,Biashara boutigue,bbox
2145330232,South B,clothes,1,0,-1.3164188,36.8347129,East West Fashions,bbox
2145333868,South B,clothes,1,0,-1.3163812,36.8344232,Topics Designer Limited,bbox
2145335889,South B,clothes,1,0,-1.316567,36.8346608,Euro Collections Ltd,bbox
2145339867,South B,clothes,1,0,-1.3161695,36.8349572,Crayon Fashions,bbox
4252150702,South B,clothes,1,0,-1.3064764,36.8418444,midco textiles,bbox
1456685413,South B,fast_food,2,0,-1.3137541,36.8463611,early bird hotel,bbox
1577711342,South B,fast_food,2,0,-1.307559,36.819044,Kenchic Inn,bbox
1633811026,South B,fast_food,2,0,-1.3127253,36.8296356,Steers South C,bbox
2145339965,South B,fast_food,2,0,-1.315902,36.8348488,Galito's,bbox
5569591301,South B,fast_food,2,0,-1.2987138,36.8369178,Pizza Inn,bbox
5569591302,South B,fast_food,2,0,-1.2987915,36.8370371,Chicken Inn,bbox
5569591303,South B,fast_food,2,0,-1.2988434,36.8370734,Galito's,bbox
6207546824,South B,fast_food,2,0,-1.3236894,36.8439034,Burger King,bbox
6207546832,South B,fast_food,2,0,-1.3237406,36.8440683,Domino's,bbox
6830686430,South B,fast_food,2,0,-1.3109211,36.817687,KFC,bbox
7169214680,South B,fast_food,2,0,-1.3193651,36.8369199,Galito's,bbox
11078896505,South B,fast_food,2,0,-1.3238291,36.8430567,Kitchen Eighteen,bbox
1573489301,South B,greengrocer,2,0,-1.3204276,36.8277556,Mugoya Vegetable Shop,bbox
1453526304,South B,hairdresser,1,0,-1.3166349,36.8347619,Revlon Coiffure,bbox
1486028887,South B,hairdresser,1,0,-1.3136772,36.8497114,Kinyozi,bbox
1486028888,South B,hairdresser,1,0,-1.3135763,36.8497276,Mordem Kinyozi,bbox
1580149584,South B,hairdresser,1,0,-1.3164845,36.8345685,Leo Hair & Beauty Saloon,bbox
1486028882,South B,hardware,1,0,-1.3134826,36.8497639,Bridge Hardware,bbox
1493484905,South B,hardware,1,0,-1.3107893,36.842961,,bbox
1681692351,South B,hardware,1,0,-1.309992,36.856199,Blue Nile Hardware,bbox
7553550836,South B,hardware,1,0,-1.2988875,36.8370929,MARUTI STEEL LTD,bbox
12886374898,South B,hardware,1,0,-1.3120066,36.8519394,Plysale,bbox
1456685430,South B,kiosk,2,0,-1.3141319,36.8473797,engorika shop,bbox
1486028885,South B,kiosk,2,0,-1.3136923,36.8497472,Kaiti Hotel,bbox
1486028891,South B,kiosk,2,0,-1.3135132,36.8497583,Waribu Cafe,bbox
1493484836,South B,kiosk,2,0,-1.3111806,36.8450076,Mali Mali one shop,bbox
1493484849,South B,kiosk,2,0,-1.3128661,36.8503343,Mwana n son shop,bbox
1493484864,South B,kiosk,2,0,-1.3127884,36.8505915,,bbox
1493484868,South B,kiosk,2,0,-1.3116521,36.8458753,Tony duka,bbox
1499916406,South B,kiosk,2,0,-1.3068338,36.8360705,Red rose,bbox
1499916419,South B,kiosk,2,0,-1.3090161,36.8361568,fuata kiosk,bbox
1453526377,South B,laundry,2,0,-1.3163854,36.8341854,White Rose Drycleaners,bbox
1486028884,South B,laundry,2,0,-1.3135183,36.8498134,Dhobi,bbox
1493484794,South B,laundry,2,0,-1.3125135,36.8500826,Dhobi,bbox
720900819,South B,pharmacy,1,0,-1.313144,36.8191241,Nairobi West Childrens Clinic,bbox
1453973005,South B,pharmacy,1,0,-1.313779,36.8492872,chemist,bbox
1456685353,South B,pharmacy,1,0,-1.3138007,36.846679,Chemist,bbox
1456685402,South B,pharmacy,1,0,-1.3138668,36.8480561,Trust and Rejoice Medical Clinic,bbox
1456685442,South B,pharmacy,1,0,-1.3139484,36.8470319,nelima chemist,bbox
1483304307,South B,pharmacy,1,0,-1.307134,36.8389445,chemist,bbox
1483304308,South B,pharmacy,1,0,-1.3073265,36.8390228,chemist,bbox
1486028890,South B,pharmacy,1,0,-1.313071,36.8497213,Upendo Medical Clinic,bbox
1493484799,South B,pharmacy,1,0,-1.3113055,36.8451478,Enina clinic &,bbox
1499916442,South B,pharmacy,1,0,-1.3092694,36.8370698,,bbox
1500016752,South B,pharmacy,1,0,-1.3084388,36.8353341,,bbox
1500016771,South B,pharmacy,1,0,-1.3109108,36.8380938,Trust and Rejoice Medical Clinic,bbox
1500016792,South B,pharmacy,1,0,-1.3118338,36.8453885,,bbox
1500016798,South B,pharmacy,1,0,-1.3119287,36.8429585,Trust and Rejoice Medical Clinic,bbox
1500016806,South B,pharmacy,1,0,-1.3121436,36.8455932,,bbox
1500016811,South B,pharmacy,1,0,-1.3123018,36.8466538,Trust and Rejoice Medical Clinic,bbox
1500016821,South B,pharmacy,1,0,-1.3130784,36.8454937,Trust and Rejoice Medical Clinic,bbox
1500016839,South B,pharmacy,1,0,-1.3141903,36.8477224,,bbox
1500016842,South B,pharmacy,1,0,-1.3142406,36.8479813,,bbox
1500016847,South B,pharmacy,1,0,-1.3147887,36.8484894,,bbox
2145322136,South B,pharmacy,1,0,-1.3114875,36.8357858,The Guardian Pharmacy,bbox
2145336812,South B,pharmacy,1,0,-1.3168213,36.8350478,Inkamed Pharmeceuticals,bbox
3856033710,South B,pharmacy,1,0,-1.309261,36.837077,,bbox
3856040459,South B,pharmacy,1,0,-1.3092432,36.8398587,,bbox
3856041157,South B,pharmacy,1,0,-1.309616,36.8402544,clinic,bbox
3856041558,South B,pharmacy,1,0,-1.308052,36.8392398,omwabo phermacy,bbox
3856041758,South B,pharmacy,1,0,-1.3075964,36.8391947,,bbox
3856041857,South B,pharmacy,1,0,-1.3100216,36.840081,imara community clinic,bbox
3856041957,South B,pharmacy,1,0,-1.308178,36.8379076,jan medical clinic,bbox
3856068142,South B,pharmacy,1,0,-1.3092628,36.8399291,Imara 2 Clinic,bbox
3856068144,South B,pharmacy,1,0,-1.3095825,36.8405038,Kingori Chemist,bbox
3856068146,South B,pharmacy,1,0,-1.30953,36.8403464,Mwema Dispensary,bbox
3856130358,South B,pharmacy,1,0,-1.3068679,36.8411435,Afya Medical Clinic,bbox
3856130660,South B,pharmacy,1,0,-1.3088951,36.8392475,andrews chemist,bbox
3856130661,South B,pharmacy,1,0,-1.3094189,36.8396699,elgomed chemist,bbox
3856130857,South B,pharmacy,1,0,-1.3083613,36.8392816,baraka chemist,bbox
3856131157,South B,pharmacy,1,0,-1.3090872,36.839135,new line chemist,bbox
3856148566,South B,pharmacy,1,0,-1.3144214,36.8494253,New Hope chemist,bbox
3856214669,South B,pharmacy,1,0,-1.3136689,36.8493361,Tahidi chemist,bbox
3856214866,South B,pharmacy,1,0,-1.3136822,36.8493708,Newstart Herbal,bbox
3856214868,South B,pharmacy,1,0,-1.3143572,36.849497,,bbox
3856215363,South B,pharmacy,1,0,-1.3136373,36.849337,Faith Chemist,bbox
3856215862,South B,pharmacy,1,0,-1.3144742,36.8481304,Daine pharmacare,bbox
6830400012,South B,pharmacy,1,0,-1.3083793,36.8225048,Pharma Plus,bbox
1580142913,South B,restaurant,1,0,-1.315988,36.8348013,Urban Coffee Capital Centre,bbox
1580159211,South B,restaurant,1,0,-1.3187508,36.8410626,SanaSana,bbox
2145328098,South B,restaurant,1,0,-1.3163676,36.8349701,Haandi Restaurant,bbox
2641874863,South B,restaurant,1,0,-1.3195061,36.8368749,Chicken Inn,bbox
3045694745,South B,restaurant,1,0,-1.3242316,36.8448015,Soaring Eagle Spur,bbox
3303976597,South B,restaurant,1,0,-1.3248504,36.853751,Naked Pizza,bbox
4421842491,South B,restaurant,1,0,-1.3125786,36.8233367,Mangrove City Restaurant a,bbox
5372466188,South B,restaurant,1,0,-1.3054887,36.8222115,"Nixen Entertainment, Former Kengele's Bar and Restaurant",bbox
5378308532,South B,restaurant,1,0,-1.3080661,36.8186941,Thorntree Bar & Restaurant,bbox
5378308536,South B,restaurant,1,0,-1.3071929,36.8191091,Karamarg,bbox
5378414038,South B,restaurant,1,0,-1.3061756,36.8201653,Cafe Bistro,bbox
5378414040,South B,restaurant,1,0,-1.3004941,36.8236532,Vuvuzela Restaurant,bbox
5378414047,South B,restaurant,1,0,-1.299856,36.8220998,Ssence By Paramount,bbox
5378414073,South B,restaurant,1,0,-1.3036588,36.8210348,Salongo Restaurant,bbox
5555704627,South B,restaurant,1,0,-1.2968723,36.8236346,Le-Vans Restaurant,bbox
5580372105,South B,restaurant,1,0,-1.300962,36.8256669,Cosmos Coffee House and Restaurant,bbox
6207463153,South B,restaurant,1,0,-1.3092385,36.8288873,The Office Bar and Lounge,bbox
6207463154,South B,restaurant,1,0,-1.3090743,36.8308764,Opal Bristo,bbox
6207463158,South B,restaurant,1,0,-1.3161451,36.8347801,Mister Wok - Capital Centre,bbox
6207463159,South B,restaurant,1,0,-1.3159063,36.8347694,Pizza Inn Capital Centre,bbox
6207546786,South B,restaurant,1,0,-1.319353,36.8370065,Pizza Inn-Bellevue,bbox
6207546788,South B,restaurant,1,0,-1.3192485,36.8363453,Turkish Doner Big Knife,bbox
6207546819,South B,restaurant,1,0,-1.3209495,36.8414508,Big Square Msa Rd,bbox
6207546820,South B,restaurant,1,0,-1.3212376,36.841814,Pizza Mojo,bbox
6207546825,South B,restaurant,1,0,-1.3237874,36.8432722,Royal Spice Kitchen,bbox
6207546826,South B,restaurant,1,0,-1.3238796,36.8429869,Peppercorn,bbox
6207546827,South B,restaurant,1,0,-1.3239372,36.8432405,Kahiro Juice Bar,bbox
6207546829,South B,restaurant,1,0,-1.3242858,36.8439639,Cyndir Restaurant,bbox
6207546830,South B,restaurant,1,0,-1.3238249,36.8442636,Level 7 lounge,bbox
6207546831,South B,restaurant,1,0,-1.3237096,36.8443356,Blend Club,bbox
6207546862,South B,restaurant,1,0,-1.322295,36.8437304,"Kifaru Place - Club, Bar & Grill",bbox
6207581193,South B,restaurant,1,0,-1.327337,36.8502234,The Terrace Restaurant,bbox
6207581206,South B,restaurant,1,0,-1.3271324,36.8529929,Aangan Resturant,bbox
6207581237,South B,restaurant,1,0,-1.3290858,36.8562149,Black Gold Cafe at Panari Hotel,bbox
6207581238,South B,restaurant,1,0,-1.328172,36.8549623,Pampa Grill Ltd,bbox
6207581239,South B,restaurant,1,0,-1.3287545,36.8560362,Red Garnet Multi Cuisine Buffet Restaurant,bbox
6258303608,South B,restaurant,1,0,-1.3011013,36.8251553,"Food Court, Highway Mall",bbox
6285776987,South B,restaurant,1,0,-1.3140575,36.8281456,Sukhadia Indian Restaurant,bbox
6819685078,South B,restaurant,1,0,-1.3088266,36.8307606,Bee Pee,bbox
6830400013,South B,restaurant,1,0,-1.3081916,36.8221293,Cadillac Pub,bbox
6830400016,South B,restaurant,1,0,-1.3057775,36.8249222,Green rose,bbox
8916714750,South B,restaurant,1,0,-1.3140081,36.8182386,Caribbean Gold,bbox
11078933605,South B,restaurant,1,0,-1.3268352,36.8432593,Fifteen Rooftop,bbox
11389488565,South B,restaurant,1,0,-1.3268625,36.8469193,Rooftop Sky Lounge,bbox
11389488567,South B,restaurant,1,0,-1.3266566,36.8472151,Acacia Restaurant,bbox
12886379610,South B,restaurant,1,0,-1.3139344,36.8467957,Poa Poa Restaurant,bbox
30695833,South B,supermarket,1,0,-1.3164518,36.8348783,Naivas Supermarket,bbox
1453972964,South B,supermarket,1,0,-1.3138047,36.8486859,supermarket,bbox
1578600648,South B,supermarket,1,0,-1.311796,36.8372359,Homecare Enterprises,bbox
1762068586,South B,supermarket,1,0,-1.3083468,36.8227864,Naivas supermarket,bbox
1960065181,South B,supermarket,1,0,-1.3109198,36.8355545,Midas Supermarket,bbox
2179954251,South B,supermarket,1,0,-1.310942,36.8362456,HomeDirect Supermarket,bbox
4421833595,South B,supermarket,1,0,-1.3219424,36.8271459,Naivas South C,bbox
6207546828,South B,supermarket,1,0,-1.3237125,36.8430676,Souk Bazaar,bbox
7679232307,South B,supermarket,1,0,-1.2957736,36.828251,,bbox
8916714747,South B,supermarket,1,0,-1.3021797,36.8256076,Carrefour,bbox
5025391422,Umoja,supermarket,1,0,-11.6900921,27.4554172,Mimbulu,area
12243707196,Viwandani,clothes,1,0,-1.3087032,36.882572,garrisa ndogo fashion,bbox
1460892731,Viwandani,fast_food,2,0,-1.3012403,36.8882977,Steers Donholm,bbox
11414542793,Viwandani,fast_food,2,0,-1.2965349,36.8762138,Debonairs,bbox
11414542794,Viwandani,fast_food,2,0,-1.29661,36.8762273,steers,bbox
1432507895,Viwandani,greengrocer,2,0,-1.3165777,36.8754618,David fair price grocery,bbox
1437347794,Viwandani,hairdresser,1,0,-1.3165684,36.869595,Classic kinyozi,bbox
1437347905,Viwandani,hairdresser,1,0,-1.3163884,36.8755608,Princess hair salon,bbox
1446059242,Viwandani,hairdresser,1,0,-1.3106675,36.871599,Habib berbershop,bbox
1446059277,Viwandani,hairdresser,1,0,-1.3159647,36.8665119,Mitchgan berber shop,bbox
1446059279,Viwandani,hairdresser,1,0,-1.3106359,36.8710571,Emda cosmetics,bbox
5704350353,Viwandani,hairdresser,1,0,-1.310282,36.8738764,ki'ms berber,bbox
12243643154,Viwandani,hairdresser,1,0,-1.3108248,36.8719997,wangari dreadlocks center,bbox
12243643155,Viwandani,hairdresser,1,0,-1.3129183,36.8649827,kwa symo salon,bbox
12243643156,Viwandani,hairdresser,1,0,-1.3106033,36.8706726,classic kinyozi,bbox
1417918703,Viwandani,hardware,1,0,-1.3166719,36.8837715,Evas Hardware,bbox
1432507892,Viwandani,hardware,1,0,-1.3164633,36.8741985,DKM hardware,bbox
1432507979,Viwandani,hardware,1,0,-1.3147341,36.8751391,Kosovo hardware,bbox
1446059259,Viwandani,hardware,1,0,-1.3102429,36.8742482,Glory hardware,bbox
1446059319,Viwandani,hardware,1,0,-1.3101153,36.8748884,Candy hardware,bbox
1681692351,Viwandani,hardware,1,0,-1.309992,36.856199,Blue Nile Hardware,bbox
12243707193,Viwandani,hardware,1,0,-1.3098696,36.8809802,neema hardware,bbox
12243707194,Viwandani,hardware,1,0,-1.3097984,36.873882,just hardware,bbox
12243707195,Viwandani,hardware,1,0,-1.309156,36.8795828,muzangilar hardware.,bbox
12243707199,Viwandani,hardware,1,0,-1.3106794,36.87089,booster hardware,bbox
12886546558,Viwandani,hardware,1,0,-1.3163526,36.8621057,SMS Scrap Metal,bbox
878847302,Viwandani,kiosk,2,0,-1.3137858,36.8840715,Muguka Base,bbox
1419004993,Viwandani,kiosk,2,0,-1.3166866,36.8865786,Mutua's Shop,bbox
1432508054,Viwandani,kiosk,2,0,-1.3156947,36.8751597,Smarte wholesale and retail shop,bbox
1432508061,Viwandani,kiosk,2,0,-1.3158202,36.8752893,Symo Wholesale,bbox
1437347776,Viwandani,kiosk,2,0,-1.3164596,36.8755193,Amosson fresh milk,bbox
1437347871,Viwandani,kiosk,2,0,-1.3151522,36.8693592,Matuu shop,bbox
1437347879,Viwandani,kiosk,2,0,-1.3141231,36.8696884,Muthuthi mini shop,bbox
1437347988,Viwandani,kiosk,2,0,-1.3165491,36.8741395,Wayside shop,bbox
1446059214,Viwandani,kiosk,2,0,-1.3159773,36.8689841,Mwameroka Shop,bbox
1446059255,Viwandani,kiosk,2,0,-1.3097337,36.8761044,Elshedai kerosene kiosk,bbox
1446059271,Viwandani,kiosk,2,0,-1.3157449,36.8647656,Posho mill,bbox
11888660108,Viwandani,kiosk,2,0,-1.3138954,36.8697103,,bbox
1432507920,Viwandani,laundry,2,0,-1.3162197,36.8758804,Gaza dhobi and Kinyozi,bbox
1432507983,Viwandani,laundry,2,0,-1.3165643,36.8764597,Lesoi drycleaner and ironing,bbox
878846315,Viwandani,pharmacy,1,0,-1.3160883,36.8785253,Kemer Junior Medical Centre,bbox
878846969,Viwandani,pharmacy,1,0,-1.3159758,36.8862514,jobe medical clinic,bbox
914492972,Viwandani,pharmacy,1,0,-1.3167416,36.8790956,Sunrise Medicare,bbox
1417918726,Viwandani,pharmacy,1,0,-1.3153677,36.8836506,Unity Medical Services,bbox
1417918727,Viwandani,pharmacy,1,0,-1.3139841,36.8845362,Vision View Medical Services,bbox
1432507872,Viwandani,pharmacy,1,0,-1.3168652,36.8739347,Afya dispesing clinic,bbox
1432507889,Viwandani,pharmacy,1,0,-1.3168413,36.8768954,Col-phrm chemist,bbox
1432508000,Viwandani,pharmacy,1,0,-1.3151124,36.8765197,MASCO medical clinic,bbox
1432508012,Viwandani,pharmacy,1,0,-1.3162694,36.8762103,Mara health centre,bbox
1432508035,Viwandani,pharmacy,1,0,-1.314165,36.8757343,P.M.C. medical clinic,bbox
1432508038,Viwandani,pharmacy,1,0,-1.31145,36.8673918,Pona medical clinic,bbox
1432508043,Viwandani,pharmacy,1,0,-1.3114625,36.8667687,Riverside medical clinic,bbox
1432508056,Viwandani,pharmacy,1,0,-1.315995,36.8755193,St. Mark Mediacal clinic,bbox
1432508057,Viwandani,pharmacy,1,0,-1.3162037,36.8758475,St. Mathias medical clinic,bbox
1432508063,Viwandani,pharmacy,1,0,-1.3155171,36.874958,Tumaini comm health service,bbox
1437348030,Viwandani,pharmacy,1,0,-1.3159035,36.8746298,Rueben Medical Clinic Pharmacy,bbox
1437348033,Viwandani,pharmacy,1,0,-1.3161826,36.8743824,Ponya Clinic Pharmacy,bbox
1437348037,Viwandani,pharmacy,1,0,-1.3166605,36.874071,Glory Medical Clinic Pharmacy,bbox
1446059176,Viwandani,pharmacy,1,0,-1.3165969,36.8663755,Faith medical clinic,bbox
1446059183,Viwandani,pharmacy,1,0,-1.3159869,36.8660087,All saint medical clinic,bbox
1446059205,Viwandani,pharmacy,1,0,-1.3159573,36.866398,Chemist,bbox
1446059231,Viwandani,pharmacy,1,0,-1.3161969,36.8683438,Chemist,bbox
1446059245,Viwandani,pharmacy,1,0,-1.3101345,36.8747211,Flodo medical clinic,bbox
1446059252,Viwandani,pharmacy,1,0,-1.3095087,36.8775998,Medical clinic,bbox
1446059260,Viwandani,pharmacy,1,0,-1.3148491,36.868187,clinic,bbox
1446059307,Viwandani,pharmacy,1,0,-1.3097834,36.8761695,Chemist,bbox
1446059335,Viwandani,pharmacy,1,0,-1.3098851,36.8757267,Riders medical centre,bbox
5704419905,Viwandani,pharmacy,1,0,-1.3096983,36.8765717,King'ori's chemist,bbox
8894604377,Viwandani,pharmacy,1,0,-1.31098,36.864,JN Chemist and Cosmetic,bbox
8894604378,Viwandani,pharmacy,1,0,-1.311,36.864,Duka la dawa,bbox
8894604379,Viwandani,pharmacy,1,0,-1.31246,36.8643,Kingstone Clinic,bbox
8894604380,Viwandani,pharmacy,1,0,-1.31206,36.8635,Nyamo Chemist,bbox
8894604381,Viwandani,pharmacy,1,0,-1.3119,36.8644,Family Medical Care Center,bbox
8894604382,Viwandani,pharmacy,1,0,-1.3138967,36.8629926,Rehema chemist,bbox
8894604383,Viwandani,pharmacy,1,0,-1.31118,36.8645,Mercy Chem,bbox
8894604384,Viwandani,pharmacy,1,0,-1.31218,36.8672,Modan Medical Center,bbox
8894604385,Viwandani,pharmacy,1,0,-1.31142,36.8668,St. Paul's Chemist,bbox
8894604386,Viwandani,pharmacy,1,0,-1.3107297,36.8706039,St. Joans Medical Center,bbox
8894604387,Viwandani,pharmacy,1,0,-1.31069,36.8704,Melihep Medical Clinic,bbox
8894604388,Viwandani,pharmacy,1,0,-1.31074,36.8707,Paradise Medical Center,bbox
8894604390,Viwandani,pharmacy,1,0,-1.30977,36.8763,Duka la dawa,bbox
8894604391,Viwandani,pharmacy,1,0,-1.31009,36.8746,Flodo Medical and curative services,bbox
8894604392,Viwandani,pharmacy,1,0,-1.31131,36.8755,Stepps Chemist,bbox
8894604393,Viwandani,pharmacy,1,0,-1.31037,36.8742,Shakina Chemist,bbox
8894604394,Viwandani,pharmacy,1,0,-1.30932,36.8784,Access Afya,bbox
8894604395,Viwandani,pharmacy,1,0,-1.3093,36.8782,Msamaria Mwema clinic,bbox
8894604396,Viwandani,pharmacy,1,0,-1.31009,36.878,Tonris Shop,bbox
8894604397,Viwandani,pharmacy,1,0,-1.30895,36.8813,Olive Link Medical Center,bbox
8894604399,Viwandani,pharmacy,1,0,-1.30771,36.8824,Upendo Chemist,bbox
8894604400,Viwandani,pharmacy,1,0,-1.30534,36.8843,Huduma Bora Medical Centre,bbox
8894604401,Viwandani,pharmacy,1,0,-1.30336,36.8859,Sunset Chemist/Cosmetic,bbox
12238169032,Viwandani,pharmacy,1,0,-1.3103847,36.8741978,shakina chemist,bbox
12238169033,Viwandani,pharmacy,1,0,-1.3125131,36.8642061,kwa grace chemist,bbox
12238169034,Viwandani,pharmacy,1,0,-1.3113529,36.8677227,goodwill clinic,bbox
12238169035,Viwandani,pharmacy,1,0,-1.3113347,36.8680018,shiru chemist and cosmetics,bbox
12238169036,Viwandani,pharmacy,1,0,-1.3081466,36.8829199,garrisa ndogo chemist,bbox
12238169037,Viwandani,pharmacy,1,0,-1.3048909,36.8851138,hope community health centre,bbox
12238169038,Viwandani,pharmacy,1,0,-1.3098051,36.8766113,spencer chemist,bbox
12238169039,Viwandani,pharmacy,1,0,-1.3091369,36.8798041,tushauriane chemist,bbox
5539579855,Viwandani,restaurant,1,0,-1.3086155,36.8606783,Java House - Lunga Lunga,bbox
9020201633,Viwandani,restaurant,1,0,-1.3003495,36.8891502,Flamegrill,bbox
10962248492,Viwandani,restaurant,1,0,-1.3131269,36.8888114,Sports Garden Bar and Restaurant,bbox
12243244039,Viwandani,restaurant,1,0,-1.3018499,36.8865091,Kanini Kaseo hotel,bbox
12243244040,Viwandani,restaurant,1,0,-1.3102165,36.8743214,Kwa Wanjohi,bbox
1419004989,Viwandani,supermarket,1,0,-1.3148778,36.885588,Karama Supermarket,bbox
13460735850,Waithaka,clothes,1,0,-1.2939481,36.7221017,Magenta Uniforms,bbox
13460802618,Waithaka,clothes,1,0,-1.2937468,36.7135611,MAMA BRENDA SHOP,bbox
5167082028,Waithaka,fast_food,2,0,-1.2609352,36.7129943,Tai's Chicken,bbox
13460759526,Waithaka,hairdresser,1,0,-1.2886953,36.7208664,RICKY CLASSIC BARBESHOP PICK UP STATION,bbox
13460764887,Waithaka,hairdresser,1,0,-1.2984208,36.7224695,Kinyozi,bbox
10973018949,Waithaka,hardware,1,0,-1.2629405,36.7182237,Lines Hardware & Electricals Ltd,bbox
8074036749,Waithaka,pharmacy,1,0,-1.2879149,36.7265531,Chemist,bbox
8074036755,Waithaka,pharmacy,1,0,-1.2900231,36.7286863,Chemist,bbox
8074036759,Waithaka,pharmacy,1,0,-1.2900631,36.7289113,Juben,bbox
8074036784,Waithaka,pharmacy,1,0,-1.291448,36.7332906,Duka LA Dawa,bbox
8074036806,Waithaka,pharmacy,1,0,-1.2876718,36.7265531,Late Night,bbox
13460735843,Waithaka,pharmacy,1,0,-1.2929812,36.720336,Nyamage Clinic And Pharmacy,bbox
13460884293,Waithaka,pharmacy,1,0,-1.2817557,36.7221269,Bemis Pharmacy,bbox
8318718277,Waithaka,restaurant,1,0,-1.2784063,36.6875565,Yellow Stone Gardens,bbox
8318718278,Waithaka,restaurant,1,0,-1.2782952,36.688849,Drips Grill,bbox
8366827045,Waithaka,restaurant,1,0,-1.2967402,36.6831441,"The Garage, Karen End",bbox
9039972923,Waithaka,restaurant,1,0,-1.2723311,36.6825905,Clinton Hotel,bbox
9741838774,Waithaka,restaurant,1,0,-1.2686156,36.7218378,Enkare Club,bbox
13460764883,Waithaka,restaurant,1,0,-1.297065,36.7203603,KUKU HUB,bbox
13460824572,Waithaka,restaurant,1,0,-1.2800066,36.710667,Interna Centre,bbox
13460735853,Waithaka,salon,2,0,-1.2938155,36.7231485,Wa-Curo Botique Salon,bbox
13460740733,Waithaka,salon,2,0,-1.2940373,36.7258502,Beauty Planet Hair Salon,bbox
13460764882,Waithaka,salon,2,0,-1.2969535,36.719753,Trina's hair & hustle salon,bbox
13460884287,Waithaka,salon,2,0,-1.2790929,36.7170672,Feith Salon,bbox
2091525550,Waithaka,supermarket,1,0,-1.2639295,36.7283049,,bbox
3183497018,Waithaka,supermarket,1,0,-1.2605605,36.7098081,Tuskys Supermarket,bbox
5269521621,Waithaka,supermarket,1,0,-1.279699,36.712348,Quickmart Kikuyu,bbox
530645467,Woodley,fast_food,2,0,51.4547405,-0.8883044,Pizza Hut (Takeaway),area
1584961564,Woodley,fast_food,2,0,51.440965,-0.9027208,The Blue Moon,area
1584961607,Woodley,fast_food,2,0,51.4408415,-0.9025151,Woodley Chef,area
1745973049,Woodley,fast_food,2,0,51.445867,-0.8995509,Salt & Vinegar,area
8039443713,Woodley,fast_food,2,0,51.4525696,-0.9052613,Greggs,area
714169017,Woodley,hairdresser,1,0,51.4457335,-0.8995837,Finn Hair,area
1584964500,Woodley,hairdresser,1,0,51.4408189,-0.9024774,3 Chairs & Barber,area
1705543498,Woodley,hairdresser,1,0,51.4462825,-0.914395,The Hair Shop,area
1745973048,Woodley,hairdresser,1,0,51.4445656,-0.8988748,Peter's Gents Hairdrassers,area
1705543499,Woodley,hardware,1,0,51.4462321,-0.9143273,Woodley Glass,area
530650156,Woodley,pharmacy,1,0,51.4551054,-0.8885424,,area
3233317014,Woodley,restaurant,1,0,51.4468979,-0.8934715,New Moon,area
3233317015,Woodley,restaurant,1,0,51.4469916,-0.8932784,Aspendos Kebab & Pizza,area
364993649,Woodley,supermarket,1,0,51.454881,-0.888066,Tesco Express,area
